train_episode,train_steps,rel_skill,env
43751,44445,,3
43752,44659,,8
43753,44764,,0
43754,44823,,0
43755,44918,,1
43756,45077,,1
43757,45159,,1
43758,45737,,1
43759,45841,,0
43760,46802,,6
43761,47868,,8
43762,47940,,0
43763,48516,,0
43764,48698,,0
43765,48859,,0
43766,49435,,0
43767,49500,,1
43768,49647,,1
43769,50223,,0
43770,50304,0.9358323961101622,0
43771,50444,,1
43772,50540,0.9364317917395569,0
43773,51116,0.9350504770848855,0
43774,51222,,1
43775,51310,0.9378228800560815,0
43776,51448,0.9391885641533492,0
43777,51543,0.9405105014653307,0
43778,51803,0.9417797684405685,0
43779,51949,,1
43780,52081,0.9429928186062454,0
43781,52156,0.9441491408530431,0
43782,52240,0.9249990794712689,1
43783,52449,0.9432176180442743,0
43784,53025,0.9422340507469064,0
43785,53092,0.9281291285799226,1
43786,53200,0.9309027206625927,1
43787,53778,0.9252212972857027,1
43788,53844,0.9441664090464245,0
43789,53998,0.9275069938012853,1
43790,54051,0.9450800378136676,0
43791,54193,0.9459588589932857,0
43792,54259,0.9468037487726806,0
43793,54339,0.9072703765945985,1
43794,54488,0.9050073201356357,1
43795,55066,0.9025881667186838,1
43796,55157,0.9047519323695544,1
43797,55735,0.9028165699989437,1
43798,55846,0.9476158545401171,0
43799,55897,0.9065913835120522,1
43800,55989,0.9083401492584416,1
43801,56083,0.948396490576698,0
43802,56127,0.9100036849183809,1
43803,56288,0.9491470650407479,0
43804,56348,0.9498690121675976,0
43805,56926,0.9092138228370729,1
43806,57069,0.9106583325081142,1
43807,57189,0.9505637453309729,0
43808,57239,0.9120445548553171,1
43809,57317,0.9133751966719054,1
43810,57462,0.9146530273359178,1
43811,57546,0.9158807588559794,1
43812,58122,0.9383568067541819,0
43813,58195,0.9391406033238914,0
43814,58308,0.9398980777637322,0
43815,58426,0.9406303774619689,0
43816,58549,0.9170610563021049,1
43817,58648,0.9181964752208832,1
43818,58738,0.9413386445914645,0
43819,58840,0.9420239691710707,0
43820,58898,0.942687399496429,0
43821,58997,0.9433299630015762,0
43822,59063,0.9439525880279266,0
43823,59188,0.9433113335884811,0
43824,59764,0.9427301188476782,0
43825,60342,0.919483046897311,1
43826,60920,0.9157399065157049,1
43827,61102,0.9444261412417074,0
43828,61219,0.9438764640319757,0
43829,61380,0.944960975419617,0
43830,61486,0.9454815559060403,0
43831,61541,0.945988440748906,0
43832,61646,0.9167346504178499,1
43833,61752,0.9464821567037355,0
43834,61829,0.9469632357414514,0
43835,61934,0.9474321420327609,0
43836,62080,0.9176986808223134,1
43837,62186,0.9478893658253769,0
43838,62255,0.9176554242847403,1
43839,62833,0.9167733069715623,1
43840,62899,0.9483353452130004,0
43841,62978,0.9176596748367203,1
43842,63556,0.9168497908301962,1
43843,64134,0.9119649991253749,1
43844,64712,0.9123307760733073,1
43845,64810,0.9137491096457134,1
43846,64883,0.9487704974277277,0
43847,65044,0.9151210105012144,1
43848,65622,0.9130452182378266,1
43849,65701,0.9157888895637983,1
43850,65753,0.9144410734310504,1
43851,65892,0.9491952344862536,0
43852,65959,0.9164447158342034,1
43853,66070,0.9496099475436685,0
43854,66211,0.9500150068934576,0
43855,66317,0.9170885884050526,1
43856,66420,0.9177206011535674,1
43857,66502,0.950410746321298,0
43858,66648,0.9183409209725862,1
43859,66738,0.9189497147549477,1
43860,66871,0.919547170255095,1
43861,67449,0.9173571033359604,1
43862,68025,0.9431828469644576,0
43863,68186,0.9436102647392016,0
43864,68279,0.9440285347002365,0
43865,68340,0.9179290450934254,1
43866,68452,0.9444379593408322,0
43867,68539,0.9448388255080545,0
43868,68641,0.9184913018508575,1
43869,68702,0.9099310865336429,1
43870,68850,0.9105168073810848,1
43871,69428,0.909335779778791,1
43872,69572,0.9443290617637251,0
43873,70148,0.9439441651549847,0
43874,70253,0.9447064742717401,0
43875,70831,0.9112897194084847,1
43876,70978,0.9123959790191402,1
43877,71125,0.9118472040738166,1
43878,71209,0.912936174629486,1
43879,71785,0.9419226391411083,0
43880,72361,0.9394370988822505,0
43881,72436,0.9139913546007647,1
43882,72525,0.9145066310241651,1
43883,72712,0.9134679160744825,1
43884,72781,0.9150138809451149,1
43885,72861,0.9155132503948479,1
43886,72942,0.9160048958354001,1
43887,73031,0.9401329898646927,0
43888,73104,0.9404916947285946,0
43889,73680,0.9397682142737913,0
43890,73739,0.9164889685134062,1
43891,73881,0.9408444748967304,0
43892,73988,0.9169655988138965,1
43893,74033,0.9411914607541303,0
43894,74122,0.9174349536297094,1
43895,74227,0.9415328035474291,0
43896,74321,0.9178971529150725,1
43897,74897,0.9409499511706487,0
43898,74982,0.915211320388436,1
43899,75560,0.914754795459581,1
43900,75630,0.9412784171383787,0
43901,75779,0.915661331281189,1
43902,75851,0.9416018450285472,0
43903,75934,0.9419203495799805,0
43904,76077,0.9422340559623076,0
43905,76184,0.9156986579075949,1
43906,76762,0.9152668279034335,1
43907,76837,0.9425430476219477,0
43908,76983,0.9165450340763325,1
43909,77063,0.9161247092472238,1
43910,77168,0.9428474132207212,0
43911,77272,0.9434427982065912,0
43912,77405,0.9169597471337474,1
43913,77491,0.9431473196514666,0
43914,77587,0.9437339688403225,0
43915,77706,0.9173689788044984,1
43916,77793,0.9440209254298823,0
43917,77938,0.9443037566370909,0
43918,78516,0.9159577433931287,1
43919,78660,0.9163557515204922,1
43920,79238,0.9159937140152219,1
43921,79816,0.9147323953114165,1
43922,79946,0.9151095783417786,1
43923,80020,0.9448574184133413,0
43924,80184,0.9445825615545711,0
43925,80237,0.9154825212509632,1
43926,80352,0.9451284210906228,0
43927,80463,0.9158512709775808,1
43928,80544,0.9158981313573847,1
43929,81122,0.9155423419027552,1
43930,81202,0.9162501239999391,1
43931,81307,0.9453956426020323,0
43932,81367,0.9456591663939896,0
43933,81945,0.9150916425770435,1
43934,82023,0.915434497836691,1
43935,82168,0.9157738952853414,1
43936,82254,0.9161098401383956,1
43937,82358,0.9459190706975122,0
43938,82433,0.9461754337436185,0
43939,82505,0.9164424210576744,1
43940,82666,0.946428328547925,0
43941,82821,0.9466778229106476,0
43942,82967,0.9167716119661716,1
43943,83050,0.9170974806641027,1
43944,83179,0.9174200636592764,1
43945,83755,0.9468203285331033,0
43946,83791,0.9177393922440997,1
43947,83881,0.9180555029263812,1
43948,84457,0.9447859882784725,0
43949,84539,0.9183684269985278,1
43950,84685,0.918678216614552,1
43951,84757,0.9450300481931422,0
43952,84837,0.9455090775781856,0
43953,84946,0.9452710623135097,0
43954,85055,0.9189849030668605,1
43955,85195,0.9457441565719846,0
43956,85271,0.9192885385094658,1
43957,85379,0.9459763514489187,0
43958,85492,0.9195891333731698,1
43959,85572,0.9464323235452461,0
43960,85646,0.9462057300092035,0
43961,85795,0.9198867450273862,1
43962,85876,0.9201813995491207,1
43963,85935,0.9466561998572623,0
43964,86012,0.9468774006684616,0
43965,86125,0.9204731543077868,1
43966,86197,0.9470959885636585,0
43967,86271,0.9207620145187855,1
43968,86415,0.9210480531977335,1
43969,86474,0.9213312964216371,1
43970,86579,0.9473120000506614,0
43971,86636,0.94752547685268,0
43972,86798,0.9477364815545284,0
43973,87376,0.9214492166428244,1
43974,87954,0.9205791990604361,1
43975,88028,0.9479450558794167,0
43976,88100,0.9217242560406367,1
43977,88244,0.9208495341663637,1
43978,88357,0.9481512259043504,0
43979,88455,0.9483550489987432,0
43980,88528,0.921117418033726,1
43981,88673,0.9485565721012057,0
43982,88763,0.9487558265041451,0
43983,88823,0.9489528591461723,0
43984,88909,0.9213828663087269,1
43985,89009,0.9493403999633225,0
43986,89218,0.9491477013196946,0
43987,89794,0.9494233717810522,0
43988,89870,0.9216458998529711,1
43989,89947,0.9497963251210391,0
43990,90033,0.9496108445926753,0
43991,90139,0.9499798342277483,0
43992,90213,0.950161397989809,0
43993,90368,0.9503410685612332,0
43994,90514,0.9219065760358717,1
43995,90596,0.9221648948574288,1
43996,90782,0.9505188511574223,0
43997,90861,0.9226746220939498,1
43998,91086,0.9224209084716545,1
43999,91247,0.950694797932388,0
44000,91342,0.9508689401785376,0
44001,91397,0.9229260826629258,1
44002,91502,0.9231753058247858,1
44003,91561,0.9510412935420748,0
44004,91708,0.9234223280873384,1
44005,91813,0.9512118893154068,0
44006,91884,0.9513807692217432,0
44007,92462,0.9235022906185744,1
44008,93040,0.9202729663480321,1
44009,93143,0.9517134492336448,0
44010,93283,0.9515479436918863,0
44011,93353,0.9518773223548268,0
44012,93406,0.9205196131016982,1
44013,93485,0.9520395682708337,0
44014,93522,0.9210067211432041,1
44015,93670,0.9207641893410868,1
44016,93820,0.9212472398004573,1
44017,93891,0.9214857505282475,1
44018,93986,0.921722305480587,1
44019,94109,0.9219568942266729,1
44020,94205,0.9221895584897152,1
44021,94302,0.9224203243467198,1
44022,94444,0.9522002234894739,0
44023,94515,0.9523593140877533,0
44024,94656,0.9226492022284891,1
44025,94735,0.9525168609272767,0
44026,94796,0.9526728848696491,0
44027,94901,0.9528274224226788,0
44028,95006,0.9228762182120291,1
44029,95092,0.9231013879435436,1
44030,95241,0.9233247427154394,1
44031,95323,0.9529804892325693,0
44032,95385,0.9531321009455244,0
44033,95497,0.9532822888539513,0
44034,95576,0.92319007062559,1
44035,95720,0.9534310686040534,0
44036,96298,0.9229711385139137,1
44037,96356,0.9535784714882382,0
44038,96500,0.9234072973010731,1
44039,96573,0.9537244975065055,0
44040,97151,0.9205314468470266,1
44041,97217,0.9538691883820648,0
44042,97379,0.95401255976112,0
44043,97506,0.920751724532213,1
44044,97556,0.9209703332890147,1
44045,97637,0.9211872731174316,1
44046,97730,0.9541546220744734,0
44047,97791,0.9542954066145323,0
44048,97880,0.921402575309871,1
44049,98026,0.9216162502971352,1
44050,98077,0.9544349185966977,0
44051,98187,0.9539650370253634,0
44052,98245,0.9218283241562302,1
44053,98821,0.9538269488477262,0
44054,98881,0.9542376095384068,0
44055,98989,0.9220388073179585,1
44056,99088,0.9541019152299216,0
44057,99203,,3
44058,99286,,2
44059,99450,,2
44060,99599,,3
44061,99693,,2
44062,99838,0.9222477206439249,1
44063,99944,0.9224550849957341,1
44064,100644,,3
44065,100793,,3
44066,100950,,3
44067,101650,,3
44068,101786,,3
44069,101907,,3
44070,102568,,2
44071,102703,0.9339611988205453,3
44072,102869,,2
44073,102974,0.9226609003733861,1
44074,103123,0.9358872047613987,3
44075,103784,,2
44076,104445,,2
44077,105023,0.9209793298560889,1
44078,105116,0.9394370936668494,3
44079,105246,0.9377161103626651,3
44080,105402,0.9410499356271007,3
44081,105500,0.9425592362272801,3
44082,105626,0.9211848531712737,1
44083,105751,0.9439717233349384,3
44084,105855,0.9452947506657711,3
44085,106012,,2
44086,106129,0.9465356719354738,3
44087,106231,,2
44088,106360,0.9477014288430468,3
44089,106420,0.9213888953125169,1
44090,106564,0.9215914771414236,1
44091,107264,0.9479678106748629,3
44092,107964,0.9308374186241369,3
44093,108121,0.9320354014957398,3
44094,108226,0.9217926038733947,1
44095,108887,0.94465919665984,2
44096,109025,0.9219922963700351,1
44097,109147,0.9331810321700726,3
44098,109294,0.9342769131323353,3
44099,109404,0.9353257355295483,3
44100,109567,0.9457562823797804,2
44101,109676,0.9363301174931152,3
44102,110337,0.9464164635101895,2
44103,110494,0.9372926145696253,3
44104,110599,0.9221905702775485,1
44105,111299,0.926344475657859,3
44106,111426,0.9223874360267371,1
44107,111551,0.9472150561731104,2
44108,111673,0.9273442993607751,3
44109,111770,0.9283083819192507,3
44110,111907,0.9292383714000659,3
44111,112103,0.9308722887965765,3
44112,112803,0.930033261128133,3
44113,113464,0.9477078020633162,2
44114,113611,0.922582914479206,1
44115,114311,0.9315915812842142,3
44116,114404,0.9323529307671484,3
44117,115104,0.9322288355109374,3
44118,115804,0.932896886681761,3
44119,115914,0.9323036035025756,3
44120,116010,0.9483155892732456,2
44121,116710,0.9316857662145291,3
44122,116876,0.948989945864123,2
44123,117537,0.9491759166401998,2
44124,117693,0.932908762150299,3
44125,118393,0.9262971406765457,3
44126,119093,0.9256313738514487,3
44127,119259,0.9497153247249639,2
44128,119370,0.9227770160657575,1
44129,119465,0.9502920698669363,2
44130,119548,0.9229697512171938,1
44131,120209,0.9373968026394467,2
44132,120301,0.9256166351276506,3
44133,120467,0.9261552296098271,3
44134,121167,0.925071135454282,3
44135,121828,0.9330076722341034,2
44136,122528,0.9269140444077769,3
44137,122614,0.9231611460105211,1
44138,122696,0.9266866164075418,3
44139,123357,0.9325025084736345,2
44140,123464,0.9274076091159715,3
44141,123629,0.9278951187433702,3
44142,123774,0.9233512004457395,1
44143,123896,0.9235399353844536,1
44144,124030,0.9237273716882682,1
44145,124730,0.9273169602276718,3
44146,124896,0.9330166166471656,2
44147,125596,0.9251118938146791,3
44148,126296,0.92794352288193,3
44149,126460,0.9239135145725847,1
44150,127160,0.9257602046919514,3
44151,127279,0.9261642157460989,3
44152,127450,0.9268126726546049,3
44153,128150,0.9264336798800257,3
44154,128236,0.9275651716016986,3
44155,128356,0.9271899443467875,3
44156,128455,0.9335688233264805,2
44157,128621,0.9341469609805739,2
44158,129321,0.925121604891718,3
44159,129497,0.9254875174400815,3
44160,129643,0.9240983640374031,1
44161,129767,0.9242819565905315,1
44162,130428,0.9276433035271123,2
44163,130564,0.9244642974473715,1
44164,131225,0.9225935226052517,2
44165,131320,0.9258515837364195,3
44166,131476,0.9262135482260728,3
44167,132176,0.924348254770617,3
44168,132345,0.9265732075083947,3
44169,133045,0.9196906511575754,3
44170,133193,0.9246453970387252,1
44171,133344,0.9248577003754731,1
44172,133922,0.924679891702278,1
44173,134091,0.9200516090747967,3
44174,134253,0.9204107259553935,3
44175,134914,0.9238362118959621,2
44176,135010,0.9207678036141201,3
44177,135116,0.9252097816798478,1
44178,135262,0.9250343355833975,1
44179,135383,0.9253840751726322,1
44180,135493,0.9211226803735393,3
44181,135656,0.9242969769459946,2
44182,135826,0.9214751997716151,3
44183,135922,0.9218252418541195,3
44184,136023,0.9247852636681723,2
44185,136135,0.9255572212771522,1
44186,136251,0.9252939478244527,2
44187,136951,0.9223246686732657,3
44188,137612,0.926272289289816,2
44189,138312,0.9221150460527359,3
44190,138394,0.9257292252088088,1
44191,138574,0.9259001130446083,1
44192,138743,0.922437279616029,3
44193,138901,0.9227576356348892,3
44194,139057,0.922854803774692,3
44195,139757,0.9225484667542638,3
44196,139921,0.9267337219112023,2
44197,140582,0.9227395955621299,2
44198,140719,0.9242218490916733,2
44199,141380,0.9251033874953178,2
44200,142041,0.9238003195048868,2
44201,142741,0.9202168329848901,3
44202,142831,0.9254919505311037,2
44203,142998,0.9205209847522144,3
44204,143144,0.9260698743537479,1
44205,143292,0.9210750846221658,3
44206,143992,0.9207837888188056,3
44207,144162,0.9258926602362899,2
44208,144249,0.9263027211558322,2
44209,144349,0.9213651235138363,3
44210,144464,0.9216538116165952,3
44211,144547,0.9219410550532211,3
44212,145208,0.922933045223531,2
44213,145786,0.9260905273425095,1
44214,146486,0.9221613901078208,3
44215,146598,0.9224371596618013,3
44216,146745,0.9233321277235421,2
44217,146852,0.9237384335542186,2
44218,146949,0.9241501268943373,2
44219,147069,0.926257373242377,1
44220,147188,0.9227116149346788,3
44221,147340,0.9229846568338305,3
44222,147482,0.923256227989843,3
44223,147566,0.9245656639851422,2
44224,147790,0.9249836940377217,2
44225,147888,0.9254031061716199,2
44226,148013,0.9264231708466028,1
44227,148158,0.9265878888627795,1
44228,148257,0.9267515690141171,1
44229,148416,0.9235262762487044,3
44230,148523,0.9239615849254678,3
44231,149184,0.9224019035496727,2
44232,149281,0.9232181399148615,2
44233,149445,0.9228095236614523,2
44234,150145,0.9237016180371306,3
44235,150241,0.9242201593016838,3
44236,150388,0.9269142217314177,1
44237,150570,0.9244772733655631,3
44238,150628,0.9270758417992803,1
44239,150793,0.923626943922714,2
44240,150874,0.924732906255501,3
44241,150983,0.9272364448639085,1
44242,151140,0.9249869953866828,3
44243,151718,0.926905908381901,1
44244,151868,0.9252395303283065,3
44245,151993,0.9256136936413724,3
44246,152101,0.9258560585506512,3
44247,152213,0.9270643627012338,1
44248,152913,0.9253698944967629,3
44249,152975,0.9273783663614293,1
44250,153120,0.9272218469559428,1
44251,153186,0.9275339261330947,1
44252,153279,0.9240352576828534,2
44253,153419,0.9260969631475933,3
44254,153576,0.926336360493588,3
44255,153741,0.9244424762087404,2
44256,154402,0.9243388774792549,2
44257,154548,0.9276885419171425,1
44258,155209,0.9242677915608656,2
44259,155367,0.9251217248459457,3
44260,156067,0.9248858531111639,3
44261,156177,0.9246256515297726,2
44262,156342,0.9249836888223205,2
44263,156472,0.9253562301456124,3
44264,157050,0.9262083954096848,1
44265,157628,0.9261886603315348,1
44266,157727,0.9253413975445927,2
44267,157852,0.9256983813260976,2
44268,158552,0.925665545160127,3
44269,158645,0.9261194258805723,3
44270,158740,0.9258931452686018,3
44271,159440,0.9264143985417802,3
44272,159605,0.9266341911946548,3
44273,160305,0.9269206992597112,3
44274,160392,0.9260542333655417,2
44275,161092,0.9266800241404219,3
44276,161670,0.9254273838642173,1
44277,162370,0.9267823972506247,3
44278,162500,0.9267614000453838,2
44279,162611,0.9264086720312599,2
44280,162685,0.9271121722840565,2
44281,163263,0.9238823942736099,1
44282,163409,0.9238823942736099,1
44283,163507,0.9269856779432925,3
44284,163630,0.9274607905620328,2
44285,163799,0.9271880302945461,3
44286,163928,0.9273894177965774,3
44287,164097,0.9276742256408418,3
44288,164797,0.9274786950343609,3
44289,164908,0.9278688539829146,3
44290,165032,0.927807061909468,2
44291,165693,0.9281630704109481,2
44292,165842,0.9280625852759806,3
44293,166012,0.9284919849031815,2
44294,166111,0.9285070626280578,3
44295,166273,0.9286948744407592,3
44296,166973,0.9283183694125534,3
44297,167673,0.9289400765282921,3
44298,167837,0.9291231110334919,3
44299,168498,0.9288303914256034,2
44300,168622,0.9290528387176902,3
44301,169322,0.9288743937655485,3
44302,169428,0.9254273786488162,1
44303,169537,0.9291432737745406,2
44304,169657,0.9292305117904538,3
44305,169743,0.9254273838642173,1
44306,169887,0.9294074077684384,3
44307,170053,0.9294543150868533,2
44308,170216,0.9295835162208413,3
44309,170877,0.9291980407025674,2
44310,170986,0.9254273838642173,1
44311,171647,0.9268094808290691,2
44312,172347,0.9298096560169794,3
44313,172515,0.9299814982711988,3
44314,172616,0.9301525842922439,3
44315,173277,0.9258146169726966,2
44316,173443,0.9260994091707574,2
44317,173506,0.9254273838642173,1
44318,173705,0.9303228984339108,3
44319,174405,0.9296370418833821,3
44320,174492,0.9263834242740389,2
44321,174600,0.9298044354003757,3
44322,175300,0.9300195811307791,3
44323,175878,0.9230904460318208,1
44324,175937,0.9254273786488162,1
44325,176598,0.9243203106509742,2
44326,176692,0.9301830943892782,3
44327,176794,0.9245998300784193,2
44328,177494,0.9295269551948009,3
44329,178194,0.9295824574943973,3
44330,178360,0.9248785932726901,2
44331,178466,0.9297398843796931,3
44332,178562,0.9251564646333552,2
44333,178712,0.9230904408164196,1
44334,179412,0.9299504874956491,3
44335,180112,0.9286266778546359,3
44336,180812,0.9301592912981901,3
44337,180940,0.9254333137753846,2
44338,181082,0.9287762294841161,3
44339,181782,0.9303663062181189,3
44340,181862,0.923090451247222,1
44341,181976,0.9230904408164196,1
44342,182080,0.9257090207445506,2
44343,182226,0.9230904460318208,1
44344,182288,0.9235072452497167,1
44345,182421,0.9235072452497167,1
44346,182523,0.9259834916636318,2
44347,183223,0.9285847877521778,3
44348,183351,0.9287310536789004,3
44349,183929,0.9254273838642173,1
44350,184629,0.9289405719914063,3
44351,185290,0.9262943087136928,2
44352,185868,0.9249924037577298,1
44353,186568,0.9291482962058986,3
44354,186733,0.9265578794442606,2
44355,186841,0.9292888877761128,3
44356,186930,0.9294291455606501,3
44357,187060,0.9295690382671034,3
44358,187216,0.9297085763262748,3
44359,187308,0.929847723230356,3
44360,187434,0.9249924037577298,1
44361,187543,0.9299864841947483,3
44362,187687,0.9259112896493852,1
44363,187777,0.9301248487886492,3
44364,187929,0.9302627961504538,3
44365,188629,0.9303084830649873,3
44366,189329,0.9304943756100461,3
44367,189426,0.9266726391323192,2
44368,190087,0.9264195304965634,2
44369,190147,0.9259112896493852,1
44370,190240,0.9306270554166364,3
44371,190386,0.9259112896493852,1
44372,190484,0.9307593701451424,3
44373,190617,0.930891314580163,3
44374,190782,0.9269247777034515,2
44375,190913,0.9271758679789421,2
44376,191050,0.9310228782908959,3
44377,191159,0.9259112896493852,1
44378,191280,0.9259112896493852,1
44379,191980,0.9311985121417894,3
44380,192110,0.9274258421585753,2
44381,192810,0.9309917371303161,3
44382,192977,0.9314165576352613,3
44383,193677,0.9311671519343592,3
44384,193819,0.9263618742362704,1
44385,193911,0.931292013854547,3
44386,193972,0.9263618742362704,1
44387,194057,0.9276746272267343,2
44388,194218,0.9315407832765024,3
44389,194366,0.9263618742362704,1
44390,194474,0.93166469077827,3
44391,194623,0.9319114887785709,3
44392,194722,0.9317882644943608,3
44393,194812,0.9263618742362704,1
44394,194901,0.9320343688463018,3
44395,195024,0.9279221605986048,2
44396,195130,0.932156899482152,3
44397,195300,0.9281683901201746,2
44398,195367,0.928413268852833,2
44399,195554,0.9286567602887716,2
44400,195677,0.9322790650399181,3
44401,195762,0.9288988227047807,2
44402,195827,0.9263618742362704,1
44403,196488,0.9279996353834671,2
44404,196562,0.9282355279798538,2
44405,197223,0.9284645518928567,2
44406,197383,0.9286924336329964,2
44407,197556,0.9263618742362704,1
44408,197652,0.9324200947038335,3
44409,198352,0.932300291722812,3
44410,198511,0.9325395482529742,3
44411,199211,0.9326923542928047,3
44412,199872,0.9243798861789099,2
44413,200082,0.9328096851736561,3
44414,200782,0.9328266769507737,3
44415,200937,0.9329417965015153,3
44416,201082,0.9330565979127835,3
44417,201157,0.9263618742362704,1
44418,201248,0.9333160328301979,3
44419,201948,0.9332032237021891,3
44420,202061,0.9263618742362704,1
44421,202225,0.9335709929333807,3
44422,202925,0.9334601187192179,3
44423,203046,0.9336815698696749,3
44424,203746,0.9338215773149545,3
44425,203868,0.9246178336433702,2
44426,204062,0.9339302819222172,3
44427,204132,0.9248545085499372,2
44428,204832,0.9333932207679941,3
44429,204912,0.9250899056832096,2
44430,205573,0.9243726367712385,2
44431,206234,0.9246250100354247,2
44432,206292,0.926344475657859,1
44433,206953,0.922123140355402,2
44434,207099,0.9332930746341047,3
44435,207199,0.9333989212015084,3
44436,207321,0.927307948014394,1
44437,207379,0.927307948014394,1
44438,207483,0.927307948014394,1
44439,208183,0.9331869777274434,3
44440,208309,0.9223487533960186,2
44441,208406,0.9335045226450556,3
44442,208501,0.9326988526827029,3
44443,208692,0.9328039325861298,3
44444,209392,0.9325935276554195,3
44445,210053,0.9227080945388672,2
44446,210198,0.9277880152642767,1
44447,210859,0.9229704031423441,2
44448,210973,0.932908762150299,3
44449,211130,0.9335220985471078,3
44450,211225,0.9231851733638609,2
44451,211319,0.9335220985471078,3
44452,211445,0.9233991143365863,2
44453,211531,0.9236121634757062,2
44454,211653,0.9335220985471078,3
44455,212314,0.9235414582816047,2
44456,213014,0.9336468300822655,3
44457,213159,0.9277880152642767,1
44458,213311,0.9339669983466824,3
44459,213457,0.9336209877693072,3
44460,213572,0.9282791287339062,1
44461,213699,0.9339669983466824,3
44462,213758,0.9282791287339062,1
44463,213914,0.9338648077755216,3
44464,214614,0.9338648077755216,3
44465,214766,0.9338648077755216,3
44466,215427,0.9237867698925629,2
44467,215554,0.9300102299164231,1
44468,215722,0.9239882460564145,2
44469,215801,0.9305386543662549,1
44470,215963,0.9338648129909228,3
44471,216110,0.9338648129909228,3
44472,216215,0.9305372983619422,1
44473,216394,0.9328473925243498,3
44474,217094,0.932847397739751,3
44475,217218,0.9241890024949003,2
44476,217918,0.9322492016526329,3
44477,218038,0.9305373035773433,1
44478,218147,0.9305372983619422,1
44479,218310,0.9243890287772177,2
44480,218403,0.9245882779647558,2
44481,218548,0.9322492016526329,3
44482,218669,0.9247867135497067,2
44483,218816,0.9305373035773433,1
44484,218947,0.9305372983619422,1
44485,219059,0.9322492016526329,3
44486,219226,0.9249843355320696,2
44487,219385,0.9322492016526329,3
44488,219480,0.9322492016526329,3
44489,220141,0.9251985894288672,2
44490,220246,0.9305372983619422,1
44491,220314,0.9305372983619422,1
44492,220479,0.9322148582357148,3
44493,220605,0.9253908082555846,2
44494,220708,0.9337066246570515,3
44495,220868,0.9305373035773433,1
44496,221568,0.9322148582357148,3
44497,221760,0.9322148530203136,3
44498,221925,0.9255822552029239,2
44499,222625,0.9296290466733387,3
44500,223325,0.9322492016526329,3
44501,223463,0.9305372983619422,1
44502,223616,0.9257728781168734,2
44503,223694,0.9296290466733387,3
44504,223793,0.9259626926436364,2
44505,223924,0.926151672706207,2
44506,224022,0.9263397974429805,2
44507,224120,0.9265270564231542,2
44508,224219,0.9296290466733387,3
44509,224385,0.9310306388078852,3
44510,225046,0.9264080201061096,2
44511,225146,0.9310306388078852,3
44512,225303,0.9310306388078852,3
44513,225394,0.9310306388078852,3
44514,225511,0.9309951219256964,3
44515,225667,0.9265904757017759,2
44516,225728,0.9305373035773433,1
44517,226389,0.9244333596874384,2
44518,226499,0.9305372983619422,1
44519,227199,0.9310306388078852,3
44520,227278,0.9316292104038898,1
44521,227424,0.9316292104038898,1
44522,228124,0.9295881579279115,3
44523,228223,0.9246171973644235,2
44524,228336,0.9295881474971092,3
44525,228470,0.9316292104038898,1
44526,228609,0.9356271022726304,1
44527,228779,0.9248002318696232,2
44528,228870,0.9296606050660148,3
44529,229531,0.9249910112456088,2
44530,229678,0.9356271022726304,1
44531,230339,0.9229784609372019,2
44532,230917,0.9350226320578657,1
44533,231146,0.923158642617944,2
44534,231807,0.9230990357976012,2
44535,232468,0.9230452285033955,2
44536,233129,0.9229969756114706,2
44537,233255,0.9350298449577288,1
44538,233347,0.9299048527351277,3
44539,233509,0.9296240503189868,3
44540,233591,0.9231653757008964,2
44541,233721,0.9233332542502019,2
44542,233848,0.9299048579505288,3
44543,233980,0.9350298449577288,1
44544,234125,0.9350298501731299,1
44545,234183,0.9350298449577288,1
44546,234329,0.9299048475197265,3
44547,234429,0.9313464104890884,3
44548,234537,0.9316540096366074,3
44549,235115,0.9344365982863517,1
44550,235253,0.9344365982863517,1
44551,235314,0.9344365982863517,1
44552,235477,0.9235006112593871,2
44553,236177,0.9304910168916717,3
44554,236281,0.923833656349373,2
44555,236428,0.9344365982863517,1
44556,236525,0.9236674102206438,2
44557,236584,0.9344365982863517,1
44558,236731,0.9304910168916717,3
44559,236896,0.9239993287839697,2
44560,236991,0.9241644014474284,2
44561,237092,0.9304910168916717,3
44562,237203,0.9344365982863517,1
44563,237286,0.9243288847705512,2
44564,237432,0.9344365982863517,1
44565,237496,0.9344365982863517,1
44566,237643,0.9304910168916717,3
44567,238304,0.9242587637013843,2
44568,238469,0.924419512797246,2
44569,238566,0.9344365982863517,1
44570,238685,0.9344365982863517,1
44571,238782,0.9305869176889823,3
44572,238866,0.9364085832042061,1
44573,238965,0.9245796881989755,2
44574,239083,,4
44575,239783,0.9304910168916717,3
44576,240487,,4
44577,241187,0.9303992153997063,3
44578,242089,,5
44579,242991,,5
44580,243153,,4
44581,243857,,4
44582,244028,,4
44583,244186,0.9306990696764397,3
44584,245088,,5
44585,245242,0.9306752092159385,3
44586,246144,,5
44587,246271,,5
44588,247173,,5
44589,248075,,5
44590,248977,,5
44591,249879,0.5036047995634972,5
44592,250011,0.49813485027456406,5
44593,250275,,5
44594,250470,0.5307660770549107,5
44595,251170,0.9315763053740922,3
44596,252072,0.4968484141985677,5
44597,252974,0.5339498291497459,5
44598,253678,,4
44599,253791,0.9315566120191517,3
44600,253981,0.5318985909952193,5
44601,254883,0.4982844071194454,5
44602,255583,0.9305544935397067,3
44603,255763,,4
44604,255904,0.9306531272072474,3
44605,256806,0.49742960286236454,5
44606,257506,0.9306752092159385,3
44607,258408,0.49866039582293203,5
44608,259310,0.5001013850981617,5
44609,260212,0.4988566148623717,5
44610,261114,0.5013010681905568,5
44611,261209,0.9306752092159385,3
44612,262111,0.5017105502005655,5
44613,262811,0.9306990696764397,3
44614,263713,0.4950589526765954,5
44615,264615,0.49536234299534404,5
44616,265517,0.5007675639399538,5
44617,265681,,4
44618,265782,,4
44619,265977,0.48904671640143427,5
44620,266879,0.4908881441809877,5
44621,267781,0.49032049991411353,5
44622,268485,0.9599015039518554,4
44623,269387,0.491725184781573,5
44624,270289,0.4908717052363976,5
44625,271191,0.48639379305638514,5
44626,272093,0.4896552181213284,5
44627,272995,0.4877692143076977,5
44628,273897,0.48808593519191973,5
44629,274597,0.9315977980424475,3
44630,275499,0.4877692143076977,5
44631,275638,0.9315977928270462,3
44632,275793,0.9606707156521023,4
44633,275889,0.9315977928270462,3
44634,276023,0.9315977928270462,3
44635,276180,0.9315977980424475,3
44636,276290,0.9326208876501275,3
44637,277192,0.4887687981021584,5
44638,277318,0.9347827392487569,3
44639,278022,0.9387027808237486,4
44640,278924,0.48989222159817114,5
44641,279624,0.9344324259653898,3
44642,280328,0.9409794286182449,4
44643,281028,0.934315522747437,3
44644,281266,0.48948707880196274,5
44645,282168,0.490971053413903,5
44646,282346,0.9343155279628382,3
44647,283248,0.4891365829795536,5
44648,284150,0.4888697474078329,5
44649,284383,0.4877596805542996,5
44650,285285,0.48817398159501946,5
44651,285462,0.941964106796069,4
44652,286364,0.48861573129226776,5
44653,286521,0.9343155279628382,3
44654,286648,0.9343155279628382,3
44655,287550,0.4896296678708376,5
44656,288452,0.48944648211900293,5
44657,288620,0.9429767551705418,4
44658,289522,0.4902174018631436,5
44659,290424,0.48989980479151946,5
44660,290580,0.9343155279628382,3
44661,291482,0.490352199122622,5
44662,292384,0.4900631928803897,5
44663,293084,0.9336468300822655,3
44664,293986,0.48982849461087846,5
44665,294888,0.4890819933751676,5
44666,295790,0.48903111192103654,5
44667,296692,0.49060881250798594,5
44668,297594,0.48901111085742516,5
44669,298496,0.4895586601834663,5
44670,299398,0.490161018160744,5
44671,300300,0.4903924776661085,5
44672,301202,0.49072139215834193,5
44673,301902,0.9329325026565725,3
44674,302059,0.9439907021799141,4
44675,302961,0.49105247104207433,5
44676,303121,0.9329325026565725,3
44677,304023,0.49138511976156873,5
44678,304174,0.9329325026565725,3
44679,305076,0.49137788600010096,5
44680,305776,0.9331508975819248,3
44681,305967,0.49051308381891506,5
44682,306869,0.4915330441858737,5
44683,307011,0.9449899678349014,4
44684,307133,0.4895854256224373,5
44685,307232,0.933150902797326,3
44686,308134,0.5253802939105826,5
44687,308834,0.9345958766390744,3
44688,309026,0.5602867446808971,5
44689,309726,0.9346136715879771,3
44690,310628,0.5251216100109413,5
44691,310721,0.9347282904602033,3
44692,311623,0.5612197799560147,5
44693,311750,0.9459651018285251,4
44694,312652,0.5617568306794354,5
44695,313352,0.9311746568966894,3
44696,314254,0.5619195251199457,5
44697,315156,0.5618691286981263,5
44698,316058,0.5624755494729407,5
44699,316960,0.5625306971252554,5
44700,317664,0.9416253404109641,4
44701,318566,0.5625972717216046,5
44702,319270,0.9289885693286724,4
44703,319462,0.5618580042473615,5
44704,320364,0.56217622716713,5
44705,320482,0.9299461795742558,4
44706,320640,0.9308941569738184,4
44707,321542,0.5265303368143326,5
44708,322444,0.4882754941640238,5
44709,322694,0.5232991141377528,5
44710,323398,0.9318267750168396,4
44711,324300,0.5595323890509755,5
44712,325202,0.5241550031982836,5
44713,325361,0.9311746568966894,3
44714,325555,0.5597174471318419,5
44715,326457,0.5603704362239929,5
44716,326562,0.9311746568966894,3
44717,326808,0.5591110002800215,5
44718,327710,0.5594187506741753,5
44719,328612,0.5588265940216497,5
44720,329514,0.5225614582224811,5
44721,329798,0.5220933446721544,5
44722,330700,0.4869751277514157,5
44723,330891,0.5218478505221542,5
44724,331056,0.9311746568966894,3
44725,331958,0.48669774142306244,5
44726,332658,0.9312964678071738,3
44727,333560,0.5221041405526435,5
44728,334462,0.5579801239756905,5
44729,335364,0.4865075826798201,5
44730,335492,0.932641535423488,4
44731,335664,0.9334479198958053,4
44732,336566,0.4860384416954565,5
44733,337468,0.48419508421745816,5
44734,338370,0.4842634424810186,5
44735,339074,0.9331792589336638,4
44736,339976,0.4845873293264929,5
44737,340680,0.9289592379123098,4
44738,340864,0.48405534797304106,5
44739,341024,0.931296473022575,3
44740,341728,0.9317124221300748,4
44741,342630,0.48413781911225534,5
44742,343532,0.484678760524973,5
44743,344434,0.4845402603306408,5
44744,344596,0.9295249681269427,4
44745,345498,0.4850958935285457,5
44746,345828,0.48488853960753897,5
44747,346730,0.48539233693289274,5
44748,346873,0.4844136773280563,5
44749,347032,0.931296473022575,3
44750,347223,0.931296473022575,3
44751,348125,0.48431138766427273,5
44752,349027,0.4842202641744636,5
44753,349727,0.9311995865144371,3
44754,349842,0.9311995812990359,3
44755,349972,0.9312964678071738,3
44756,350130,0.9302230026392793,4
44757,350834,0.9297228039407551,4
44758,350996,0.931296473022575,3
44759,351898,0.48385995818239264,5
44760,352089,0.4833941498393974,5
44761,352250,0.9307342319113466,4
44762,352390,0.931252574990654,4
44763,353292,0.48390133717553285,5
44764,354194,0.4837654133893947,5
44765,354894,0.9297303036876842,3
44766,355594,0.9306939898756685,3
44767,355795,0.4834515192526243,5
44768,355932,0.9297303036876842,3
44769,356096,0.9317749130672826,4
44770,356998,0.483834256685267,5
44771,357094,0.9297303036876842,3
44772,357218,0.9322987479640562,4
44773,357400,0.9328220665361107,4
44774,358302,0.4831670295478333,5
44775,359204,0.4833363214708647,5
44776,360106,0.48340066909090046,5
44777,361008,0.48356324357718306,5
44778,361147,0.9333432520090735,4
44779,362049,0.4839105058508467,5
44780,362951,0.48417685639025565,5
44781,363853,0.48439293046207293,5
44782,363953,0.9297303036876842,3
44783,364082,0.9288706647536887,3
44784,364984,0.48460832131633275,5
44785,365684,0.9288706647536887,3
44786,365828,0.9338610161788475,4
44787,365993,0.9288706647536887,3
44788,366895,0.4849582643062144,5
44789,367599,0.9346647407965516,4
44790,367791,0.4845387582950945,5
44791,368491,0.9289059834506317,3
44792,368649,0.5198540652272736,5
44793,368812,0.5552748745103772,5
44794,368980,0.935144208275296,4
44795,369882,0.5556454183350085,5
44796,370582,0.928637682351173,3
44797,370742,0.9356199676037855,4
44798,371644,0.5553635050384116,5
44799,372546,0.555700665079946,5
44800,372653,0.9295629310322954,3
44801,372809,0.5553549622112419,5
44802,373711,0.5555751460192068,5
44803,373860,0.5552420279136041,5
44804,373992,0.5549248480740762,5
44805,374894,0.5552297299975688,5
44806,375796,0.5545845327148143,5
44807,376698,0.5546848457415421,5
44808,377600,0.5548699820534265,5
44809,377710,0.9295629310322954,3
44810,378612,0.5549750306644462,5
44811,379312,0.9292886791600647,3
44812,379411,0.9292514411954793,3
44813,380313,0.5549509980957053,5
44814,380478,0.9292514411954793,3
44815,381380,0.5551649755762392,5
44816,382282,0.555474269729149,5
44817,382469,0.5551681986941823,5
44818,382630,0.9292514411954793,3
44819,383532,0.5548415685476756,5
44820,384434,0.5549312943099625,5
44821,385138,0.9343970290374288,4
44822,386040,0.5553288539128224,5
44823,386136,0.9292159503902967,3
44824,387038,0.5551305122050935,5
44825,387184,0.9292159503902967,3
44826,388086,0.5555263142177482,5
44827,388326,0.5546571519611572,5
44828,389228,0.5549585708582513,5
44829,390130,0.5549259954623408,5
44830,391032,0.5550416730610109,5
44831,391736,0.9321831798888112,4
44832,392638,0.5551225535028586,5
44833,393540,0.5553060000247534,5
44834,394240,0.9292159503902967,3
44835,395142,0.5555679591963497,5
44836,395337,0.5549856074980847,5
44837,395493,0.932606753912869,4
44838,396395,0.5552663734064172,5
44839,397297,0.5554219071010765,5
44840,398199,0.5551697946069503,5
44841,398299,0.9294968727606652,3
44842,398485,0.5551475561362231,5
44843,398647,0.9295822801707565,3
44844,398878,0.5548841992371044,5
44845,399578,0.928638761939222,3
44846,400282,0.9317247252615114,4
44847,400986,0.9273900384293206,4
44848,401690,0.9317177627009061,4
44849,402592,0.555155952932159,5
44850,403292,0.9286731053561401,3
44851,403996,0.924966128566472,4
44852,404181,0.5549021089248335,5
44853,404885,0.9257349256423232,4
44854,405585,0.928403964577088,3
44855,406289,0.9224003910833241,4
44856,406993,0.922757192325787,4
44857,407895,0.5550734035619267,5
44858,408599,0.9235028643127066,4
44859,408745,0.9285375466480862,3
44860,409445,0.9285375414326849,3
44861,410347,0.5545405355902705,5
44862,411047,0.926666140742421,3
44863,411949,0.5547886739486804,5
44864,412851,0.5550281130178846,5
44865,412963,0.9264209908089002,3
44866,413663,0.9267095798190362,3
44867,414363,0.9264209908089002,3
44868,414503,0.9237810225204378,4
44869,415207,0.9220096688714404,4
44870,415911,0.9227202568544712,4
44871,416813,0.5552717139772485,5
44872,417517,0.9226136905617017,4
44873,418419,0.5554404322061476,5
44874,418533,0.9264209908089002,3
44875,419237,0.9219122034537691,4
44876,419378,0.9221202145153276,4
44877,419535,0.5552701806492949,5
44878,420437,0.5555175001897161,5
44879,420609,0.5547463457525212,5
44880,421313,0.9220702770488141,4
44881,421408,0.9263760496967386,3
44882,422310,0.5549865045470915,5
44883,423014,0.837383460315276,4
44884,423159,0.9263760549121398,3
44885,424061,0.5548302824194735,5
44886,424765,0.7546640151046998,4
44887,425465,0.9260523036670968,3
44888,426165,0.9265624324895104,3
44889,426301,0.8381603204013862,4
44890,426461,0.9260523036670968,3
44891,427363,0.5550667174175852,5
44892,428063,0.925870301811335,3
44893,428965,0.5552248901052529,5
44894,429115,0.9216666154265472,4
44895,429815,0.9258190970023294,3
44896,429978,0.9218485025434825,4
44897,430678,0.9253325000701413,3
44898,430806,0.9253325000701413,3
44899,430943,0.9220382857778382,4
44900,431107,0.5549955271911718,5
44901,431811,0.9223658129733517,4
44902,432007,0.554774623657841,5
44903,432190,0.5545054150785732,5
44904,432435,0.5547125708143343,5
44905,433337,0.5549276330983183,5
44906,434041,0.9228988895610561,4
44907,434247,0.9230653286596298,4
44908,435149,0.5546533968722913,5
44909,436051,0.5547438423599441,5
44910,436207,0.9253325000701413,3
44911,436371,0.5547830934693937,5
44912,437273,0.5549826868734113,5
44913,437395,0.9234185051982571,4
44914,437550,0.9232387668266171,4
44915,438452,0.5546782951976318,5
44916,439152,0.9252925188045233,3
44917,440054,0.5541860447705402,5
44918,440148,0.9257726695008253,3
44919,441050,0.5534616359743229,5
44920,441211,0.9236038762031955,4
44921,441371,0.5532653908578773,5
44922,442273,0.5534149268411539,5
44923,443175,0.5535640455923341,5
44924,444077,0.5533156568946664,5
44925,444979,0.5532415564743821,5
44926,445683,0.9234987597919603,4
44927,446387,0.9229130910985304,4
44928,446547,0.9257726695008253,3
44929,447449,0.5533002818919217,5
44930,448351,0.5526380615396423,5
44931,449055,0.9231975860187227,4
44932,449172,0.9233475131570893,4
44933,450074,0.5527943566828772,5
44934,450976,0.5530232084876405,5
44935,451878,0.5532415251819749,5
44936,452012,0.553031667868391,5
44937,452914,0.5532342131894892,5
44938,453031,0.923503208529186,4
44939,453233,0.5528427868984431,5
44940,454135,0.5527524770112215,5
44941,455037,0.5527597577113003,5
44942,455939,0.5526693643776593,5
44943,456841,0.5525034520346073,5
44944,456995,0.9236641505948923,4
44945,457897,0.5529083340607555,5
44946,458096,0.5526557626113234,5
44947,458243,0.9257206928124417,3
44948,459145,0.5526970894504516,5
44949,459849,0.9241536159977417,4
44950,460751,0.5530428914117785,5
44951,461653,0.5530624595970902,5
44952,462555,0.5534733706270284,5
44953,463457,0.5538875777905267,5
44954,463589,0.553555127256278,5
44955,463729,0.9243125188415778,4
44956,464631,0.553834464144681,5
44957,465533,0.5536084182257646,5
44958,466435,0.5537653392171438,5
44959,467337,0.5535055392216451,5
44960,468041,0.9242078196624387,4
44961,468129,0.9257206928124417,3
44962,469031,0.5535034321995593,5
44963,469735,0.9230745077657461,4
44964,470637,0.5535540737452351,5
44965,470780,0.9232184006849216,4
44966,470934,0.9262181534253345,3
44967,471836,0.5532938356560354,5
44968,472024,0.5526845307643562,5
44969,472926,0.5529621987243744,5
44970,473168,0.5528740375824482,5
44971,473326,0.9233668675109516,4
44972,474228,0.5532449151927565,5
44973,475130,0.5527699068820402,5
44974,476032,0.5533308337121655,5
44975,476202,0.9262735827093141,3
44976,477104,0.5529608114276545,5
44977,477260,0.9262295647231655,3
44978,477387,0.9262735827093141,3
44979,477624,0.5529087721544566,5
44980,477771,0.55247683262687,5
44981,477958,0.9261872313116053,3
44982,478115,0.92351949101174,4
44983,478815,0.926083789044156,3
44984,478934,0.927408031563469,3
44985,479091,0.5524340559062075,5
44986,479993,0.5528434753314019,5
44987,480163,0.9236759061092026,4
44988,480863,0.9255682987893064,3
44989,481022,0.925815581821919,3
44990,481726,0.923150219745002,4
44991,481884,0.9234552372689259,4
44992,482020,0.9233010074245672,4
44993,482922,0.5532393451442723,5
44994,483079,0.5529681129893379,5
44995,483219,0.9236125702770001,4
44996,484121,0.552845822261943,5
44997,485023,0.5529941795645477,5
44998,485723,0.9253023550511912,3
44999,486625,0.5530415771306756,5
45000,486766,0.9237727456787295,4
45001,486956,0.923935497488653,4
45002,487172,0.5526332425089313,5
45003,487369,0.5522310724914083,5
45004,487510,0.9241005910137164,4
45005,488412,0.5523358707631703,5
45006,488607,0.5523928438059057,5
45007,489307,0.9250191796275031,3
45008,489463,0.924267775914662,4
45009,489653,0.5520808376443707,5
45010,489771,0.9244368748678489,4
45011,490673,0.5523000513877119,5
45012,490884,0.924607653180223,4
45013,491065,0.5520808480751731,5
45014,491223,0.9247799804667542,4
45015,492125,0.5520067685164936,5
45016,492258,0.9251285100829101,4
45017,492431,0.9249536376805921,4
45018,492590,0.9253044099192649,4
45019,492710,0.9254812328816326,4
45020,492862,0.9249750781949353,3
45021,493764,0.5519343161629892,5
45022,493965,0.9256588381541808,4
45023,494137,0.9249750781949353,3
45024,494325,0.551778323513024,5
45025,495227,0.5520856671058841,5
45026,495376,0.9249750781949353,3
45027,496278,0.551960434892211,5
45028,497180,0.5517008956667725,5
45029,497359,0.9258371214288852,4
45030,497480,0.5516291943310413,5
45031,498382,0.551377853716293,5
45032,499284,0.5513778432854907,5
45033,499379,0.9249750886257377,3
45034,500281,0.5514653368560628,5
45035,500414,0.5511240410013748,5
45036,501316,0.5507799392608399,5
45037,502218,0.5507799392608399,5
45038,502323,0.9249750886257377,3
45039,503225,0.5507636463474834,5
45040,504127,0.5507636463474834,5
45041,504281,0.5504326248331642,5
45042,504445,0.9249750781949353,3
45043,505347,0.550483704472541,5
45044,506051,0.9261960766320447,4
45045,506953,0.5505354725448764,5
45046,507855,0.5506411470040403,5
45047,508757,0.5507636463474834,5
45048,509659,0.551141074501702,5
45049,510363,0.9265498790188161,4
45050,510453,0.9249750886257377,3
45051,510618,0.9249750886257377,3
45052,510780,0.9249750886257377,3
45053,510924,0.9267194264965064,4
45054,511826,0.5512354211094542,5
45055,512728,0.5513723775450304,5
45056,512892,0.5513723775450304,5
45057,513794,0.5509436611353871,5
45058,514110,0.5504052439768514,5
45059,515012,0.5509436611353871,5
45060,515914,0.5506682566594907,5
45061,516053,0.5500382987790498,5
45062,516955,0.5504326248331642,5
45063,517143,0.549821724028717,5
45064,517343,0.5496163936833768,5
45065,518245,0.5499954699043753,5
45066,518945,0.9250761787472447,3
45067,519107,0.925034502476236,3
45068,519807,0.9241887208632354,3
45069,519968,0.9241887208632354,3
45070,520128,0.5497008831828564,5
45071,521030,0.5499037205664218,5
45072,521730,0.9241372292071636,3
45073,521886,0.9268895268067242,4
45074,522300,0.5507370895245606,5
45075,523202,0.550737099955363,5
45076,523330,0.9241372292071636,3
45077,523567,0.5502741913754363,5
45078,524469,0.5505528294000782,5
45079,525371,0.5501575645737473,5
45080,525534,0.9240904157659704,3
45081,525689,0.9270601277954574,4
45082,526591,0.5502083938738663,5
45083,526747,0.9243247750344036,3
45084,527649,0.5505733885116183,5
45085,528551,0.5495077777379346,5
45086,529453,0.5499658568563477,5
45087,530355,0.5501272213695514,5
45088,530462,0.9242827023929036,3
45089,531364,0.5498385176205889,5
45090,531456,0.9242827023929036,3
45091,531585,0.5498385280513912,5
45092,532289,0.9273956502010142,4
45093,532993,0.9277265934843154,4
45094,533697,0.9275025502794608,4
45095,533885,0.5499184279978128,5
45096,534042,0.5495573344801602,5
45097,534944,0.5499184279978128,5
45098,535097,0.5495098638984156,5
45099,535801,0.9264208082698581,4
45100,535940,0.9265749598831987,4
45101,536842,0.5496059107269599,5
45102,536999,0.9242827023929036,3
45103,537901,0.5498996108302744,5
45104,538098,0.5507392174082513,5
45105,538213,0.9242827023929036,3
45106,538302,0.9242827023929036,3
45107,539006,0.9235699969569844,4
45108,539908,0.5506517342684814,5
45109,540810,0.550553079739336,5
45110,541712,0.5508682255723949,5
45111,542614,0.5509816709793505,5
45112,542751,0.5505002790175624,5
45113,542964,0.5506546966163643,5
45114,543083,0.585870501144174,5
45115,543985,0.5859703343539913,5
45116,544689,0.9230943158595131,4
45117,545591,0.5862082296644396,5
45118,546295,0.9229819343944027,4
45119,546437,0.9231317624401466,4
45120,546584,0.9242827023929036,3
45121,546744,0.9242827023929036,3
45122,546872,0.9232824197346816,4
45123,547016,0.9234338124007863,4
45124,547206,0.5865451445821176,5
45125,548108,0.5508392696649189,5
45126,548812,0.9235544185535928,4
45127,549516,0.9229696208321638,4
45128,549608,0.9242827023929036,3
45129,550312,0.9238210246476606,4
45130,550452,0.9231088407518618,4
45131,551156,0.9222957962122089,4
45132,551860,0.9226097529337939,4
45133,552006,0.9242827023929036,3
45134,552201,0.6222647389847079,5
45135,552358,0.9242827023929036,3
45136,552502,0.9227435384054389,4
45137,553202,0.9217844522013152,3
45138,553394,0.6224568117801915,5
45139,554094,0.9235010545684893,3
45140,554219,0.6221426464425587,5
45141,555121,0.6224361379298251,5
45142,555821,0.9217415920342336,3
45143,555978,0.9220983567688881,4
45144,556682,0.9219668139197599,4
45145,556800,0.9216915137518876,3
45146,557702,0.6216284913304169,5
45147,558406,0.9223620996076957,4
45148,559308,0.6219233909760079,5
45149,560210,0.6212125630845218,5
45150,560914,0.9185616628284797,4
45151,561614,0.9217415920342336,3
45152,562318,0.9187312572447808,4
45153,563220,0.6217183214007277,5
45154,563319,0.9188641248058144,4
45155,563506,0.6214172571509153,5
45156,563663,0.9217844522013152,3
45157,564565,0.621761557076696,5
45158,564810,0.6214078381363437,5
45159,565510,0.9213247563085293,3
45160,566214,0.9185722500929207,4
45161,567116,0.6216959577603717,5
45162,568018,0.6214078381363437,5
45163,568920,0.6214385568494261,5
45164,569084,0.6211454304402438,5
45165,569264,0.918701816304993,4
45166,570166,0.6211488621742352,5
45167,570303,0.9188322795660722,4
45168,571003,0.9213777082769377,3
45169,571707,0.9189935293404494,4
45170,572609,0.6212603361595362,5
45171,573511,0.6215880302478882,5
45172,573669,0.919120628667753,4
45173,574571,0.6216868516698721,5
45174,574668,0.9213247563085293,3
45175,574824,0.9213247510931281,3
45176,575726,0.6220219829203388,5
45177,575851,0.6217858712771018,5
45178,575969,0.919248562459249,4
45179,576149,0.9212733898220864,3
45180,577051,0.6217516686760162,5
45181,577228,0.9193772524839193,4
45182,578130,0.586275915141245,5
45183,578278,0.9212733898220864,3
45184,578567,0.6217516686760162,5
45185,578697,0.6217516686760162,5
45186,578831,0.919794536734127,4
45187,579535,0.9196676251612667,4
45188,580239,0.9200793654399961,4
45189,581141,0.6220900126136235,5
45190,582043,0.5854395838352232,5
45191,582743,0.9208224558033206,3
45192,583443,0.9213247563085293,3
45193,584345,0.6217514183367585,5
45194,584546,0.6215153171243237,5
45195,584710,0.9208224558033206,3
45196,584850,0.9202045246380524,4
45197,585752,0.6215492693861516,5
45198,585897,0.9203302940380493,4
45199,586799,0.6215492693861516,5
45200,587701,0.6217872272814144,5
45201,588603,0.6217543806846414,5
45202,589505,0.6217526804638493,5
45203,589659,0.9212733898220864,3
45204,589805,0.9204566423475798,4
45205,589993,0.6217526804638493,5
45206,590089,0.9214868561933025,3
45207,590245,0.9214868614087036,3
45208,590405,0.6219369301575295,5
45209,590553,0.9214868561933025,3
45210,591455,0.6220023417194105,5
45211,592357,0.6221087359039403,5
45212,592512,0.9205835121972306,4
45213,592961,0.6218936214659444,5
45214,593084,0.6224374104877185,5
45215,593240,0.9214868614087036,3
45216,594142,0.6220070877345046,5
45217,594846,0.9208559491098427,4
45218,595546,0.9223355427847728,3
45219,595705,0.9209809935690725,4
45220,595869,0.9223355427847728,3
45221,596771,0.6226639466543479,5
45222,596964,0.6223952283227931,5
45223,597668,0.9206646586245394,4
45224,598570,0.6223014136859636,5
45225,599472,0.6215004949541063,5
45226,599612,0.9207870380137547,4
45227,600514,0.6214963747871565,5
45228,600619,0.9223355375693716,3
45229,601521,0.6214668243239434,5
45230,602423,0.6220016741480566,5
45231,602589,0.9222864606440566,3
45232,603293,0.9201621703648875,4
45233,603993,0.9222864606440566,3
45234,604954,,6
45235,605915,,6
45236,606876,,6
45237,607837,,6
45238,608798,,6
45239,608954,0.9202826617788674,4
45240,609856,0.6222784033358584,5
45241,610758,0.6222784033358584,5
45242,611660,0.6223212113489279,5
45243,612621,,6
45244,613582,,6
45245,614543,,6
45246,615504,0.5330337947350257,6
45247,616465,0.6160757890513273,6
45248,617426,0.4000418528894069,6
45249,617586,0.9204036330097581,4
45250,618547,0.5374694572098114,6
45251,619508,0.5844576054241534,6
45252,620410,0.6221141599211909,5
45253,621371,0.5111641864237735,6
45254,622332,0.4791606530012684,6
45255,623293,0.5401514700406587,6
45256,624254,0.5258237414315063,6
45257,624445,0.6221141599211909,5
45258,625406,0.5738065958505955,6
45259,625587,0.6217922027741616,5
45260,625739,0.5325719077196168,6
45261,626700,0.5375748012623854,6
45262,627602,0.6220070773037023,5
45263,628504,0.6217656042280291,5
45264,629208,0.9206641788076287,4
45265,630169,0.5022981679926768,6
45266,631130,0.47150912591613187,6
45267,632032,0.6217656042280291,5
45268,632993,0.4362540353560495,6
45269,633895,0.6217634867751409,5
45270,634797,0.6217703293815185,5
45271,635699,0.6214226498757587,5
45272,636660,0.40487146254034745,6
45273,636791,0.9209032215063416,4
45274,636996,0.9207834915409371,4
45275,637162,0.9210233426268363,4
45276,638064,0.6203117068348234,5
45277,639025,0.44591828937760397,6
45278,639986,0.41224999097517034,6
45279,640888,0.6203769097806563,5
45280,641094,0.9211437923176068,4
45281,642055,0.42829229078617953,6
45282,643016,0.3943406962708719,6
45283,643918,0.6205154412673957,5
45284,644879,0.3945771237846351,6
45285,645840,0.39408693574621717,6
45286,646205,0.38969380426562666,6
45287,647107,0.6210120726314974,5
45288,647387,0.3863424892594888,6
45289,648348,0.39005444771714065,6
45290,649309,0.3878862835576219,6
45291,649466,0.9212645601478506,4
45292,650427,0.38834734879988575,6
45293,651388,0.3887951699052167,6
45294,652349,0.3886694638530494,6
45295,653310,0.38766449492788535,6
45296,653451,0.921385599178957,4
45297,654412,0.3871961460063542,6
45298,654518,0.9215068989801235,4
45299,655479,0.3885792463658231,6
45300,656381,0.5856059134103716,5
