train_episode,train_steps,std_history,env
43751,44445,0.0,3
43752,44659,0.0,8
43753,44764,0.0,0
43754,44823,0.0,0
43755,44918,0.0,1
43756,45077,0.0,1
43757,45159,0.30929476022720337,1
43758,45737,0.33671751618385315,1
43759,45841,0.0,0
43760,46802,0.0,6
43761,47868,0.3499999940395355,8
43762,47940,0.18633900582790375,0
43763,48516,0.21650634706020355,0
43764,48698,0.20000000298023224,0
43765,48859,0.1749635487794876,0
43766,49435,0.1851707100868225,0
43767,49500,0.2857142984867096,1
43768,49647,0.26619860529899597,1
43769,50223,0.18885256350040436,0
43770,50304,0.18333333730697632,0
43771,50444,0.2499479204416275,1
43772,50540,0.1816207766532898,0
43773,51116,0.18556739389896393,0
43774,51222,0.23622779548168182,1
43775,51310,0.1776462346315384,0
43776,51448,0.17374427616596222,0
43777,51543,0.16996730864048004,0
43778,51803,0.16634082794189453,0
43779,51949,0.2244783341884613,1
43780,52081,0.1628749668598175,0
43781,52156,0.15957118570804596,0
43782,52240,0.2142857015132904,1
43783,52449,0.1622326821088791,0
43784,53025,0.16504287719726562,0
43785,53092,0.20534269511699677,1
43786,53200,0.19741813838481903,1
43787,53778,0.21365079283714294,1
43788,53844,0.15952184796333313,0
43789,53998,0.20712022483348846,1
43790,54051,0.1569114774465561,0
43791,54193,0.1544005572795868,0
43792,54259,0.15198658406734467,0
43793,54339,0.26493918895721436,1
43794,54488,0.27140507102012634,1
43795,55066,0.2783169448375702,1
43796,55157,0.2721347510814667,1
43797,55735,0.2776643633842468,1
43798,55846,0.14966627955436707,0
43799,55897,0.2668791711330414,1
43800,55989,0.2618826925754547,1
43801,56083,0.14743588864803314,0
43802,56127,0.2571297287940979,1
43803,56288,0.14529138803482056,0
43804,56348,0.143228679895401,0
43805,56926,0.25938647985458374,1
43806,57069,0.25525930523872375,1
43807,57189,0.14124372601509094,0
43808,57239,0.2512986660003662,1
43809,57317,0.2474968284368515,1
43810,57462,0.2438458800315857,1
43811,57546,0.24033807218074799,1
43812,58122,0.17612072825431824,0
43813,58195,0.17388130724430084,0
43814,58308,0.1717170923948288,0
43815,58426,0.16962480545043945,0
43816,58549,0.23696579039096832,1
43817,58648,0.23372173309326172,1
43818,58738,0.16760118305683136,0
43819,58840,0.165643110871315,0
43820,58898,0.16374759376049042,0
43821,58997,0.16191169619560242,0
43822,59063,0.1601327657699585,0
43823,59188,0.16196492314338684,0
43824,59764,0.1636255383491516,0
43825,60342,0.23004581034183502,1
43826,60920,0.24074050784111023,1
43827,61102,0.15877975523471832,0
43828,61219,0.1603502631187439,0
43829,61380,0.15725165605545044,0
43830,61486,0.15576428174972534,0
43831,61541,0.1543160378932953,0
43832,61646,0.23789837956428528,1
43833,61752,0.1529054194688797,0
43834,61829,0.1515309065580368,0
43835,61934,0.15019117295742035,0
43836,62080,0.2351440042257309,1
43837,62186,0.1488848179578781,0
43838,62255,0.23526759445667267,1
43839,62833,0.23778793215751648,1
43840,62899,0.1476105898618698,0
43841,62978,0.23525545001029968,1
43842,63556,0.2375694066286087,1
43843,64134,0.25152596831321716,1
43844,64712,0.25048089027404785,1
43845,64810,0.2464285045862198,1
43846,64883,0.14636729657649994,0
43847,65044,0.24250878393650055,1
43848,65622,0.24843962490558624,1
43849,65701,0.2406005561351776,1
43850,65753,0.24445146322250366,1
43851,65892,0.14515376091003418,0
43852,65959,0.23872676491737366,1
43853,66070,0.143968865275383,0
43854,66211,0.14281155169010162,0
43855,66317,0.236887127161026,1
43856,66420,0.23508137464523315,1
43857,66502,0.14168086647987366,0
43858,66648,0.23330903053283691,1
43859,66738,0.23156961798667908,1
43860,66871,0.22986260056495667,1
43861,67449,0.23611994087696075,1
43862,68025,0.16233202815055847,0
43863,68186,0.16111083328723907,0
43864,68279,0.1599157750606537,0
43865,68340,0.23448581993579865,1
43866,68452,0.15874598920345306,0
43867,68539,0.15760065615177155,0
43868,68641,0.2328793704509735,1
43869,68702,0.25733715295791626,1
43870,68850,0.25566366314888,1
43871,69428,0.2590380311012268,1
43872,69572,0.1590571254491806,0
43873,70148,0.16015683114528656,0
43874,70253,0.15797880291938782,0
43875,70831,0.25345534086227417,1
43876,70978,0.25029459595680237,1
43877,71125,0.2518625259399414,1
43878,71209,0.2487511783838272,1
43879,71785,0.16593262553215027,0
43880,72361,0.1730341762304306,0
43881,72436,0.24573637545108795,1
43882,72525,0.244264155626297,1
43883,72712,0.24723191559314728,1
43884,72781,0.24281486868858337,1
43885,72861,0.24138809740543365,1
43886,72942,0.23998339474201202,1
43887,73031,0.1710459142923355,0
43888,73104,0.17002104222774506,0
43889,73680,0.1720881313085556,0
43890,73739,0.23860032856464386,1
43891,73881,0.1690130978822708,0
43892,73988,0.23723852634429932,1
43893,74033,0.16802170872688293,0
43894,74122,0.2358975112438202,1
43895,74227,0.1670464426279068,0
43896,74321,0.23457694053649902,1
43897,74897,0.16871173679828644,0
43898,74982,0.24225075542926788,1
43899,75560,0.24355511367321014,1
43900,75630,0.1677732616662979,0
43901,75779,0.24096500873565674,1
43902,75851,0.16684918105602264,0
43903,75934,0.16593916714191437,0
43904,76077,0.16504286229610443,0
43905,76184,0.24085836112499237,1
43906,76762,0.24209216237068176,1
43907,76837,0.16416002810001373,0
43908,76983,0.23844014108181,1
43909,77063,0.23964107036590576,1
43910,77168,0.16329041123390198,0
43911,77272,0.16158930957317352,0
43912,77405,0.2372552454471588,1
43913,77491,0.16243353486061096,0
43914,77587,0.1607573926448822,0
43915,77706,0.23608601093292236,1
43916,77793,0.1599375158548355,0
43917,77938,0.15912942588329315,0
43918,78516,0.2401181161403656,1
43919,78660,0.2389809489250183,1
43920,79238,0.24001534283161163,1
43921,79816,0.24361911416053772,1
43922,79946,0.24254144728183746,1
43923,80020,0.15754753351211548,0
43924,80184,0.15833283960819244,0
43925,80237,0.2414758950471878,1
43926,80352,0.15677323937416077,0
43927,80463,0.240422323346138,1
43928,80544,0.24028843641281128,1
43929,81122,0.24130497872829437,1
43930,81202,0.2392827421426773,1
43931,81307,0.1560097485780716,0
43932,81367,0.15525682270526886,0
43933,81945,0.2425926923751831,1
43934,82023,0.24161310493946075,1
43935,82168,0.24064339697360992,1
43936,82254,0.23968355357646942,1
43937,82358,0.15451423823833466,0
43938,82433,0.15378177165985107,0
43939,82505,0.23873332142829895,1
43940,82666,0.1530592143535614,0
43941,82821,0.15234637260437012,0
43942,82967,0.23779277503490448,1
43943,83050,0.2368617206811905,1
43944,83179,0.23594005405902863,1
43945,83755,0.15193921327590942,0
43946,83791,0.23502768576145172,1
43947,83881,0.23412451148033142,1
43948,84457,0.15775161981582642,0
43949,84539,0.23323044180870056,1
43950,84685,0.2323453277349472,1
43951,84757,0.15705430507659912,0
43952,84837,0.1556856483221054,0
43953,84946,0.15636569261550903,0
43954,85055,0.2314690798521042,1
43955,85195,0.15501399338245392,0
43956,85271,0.23060154914855957,1
43957,85379,0.15435057878494263,0
43958,85492,0.22974270582199097,1
43959,85572,0.15304780006408691,0
43960,85646,0.153695210814476,0
43961,85795,0.22889238595962524,1
43962,85876,0.22805051505565643,1
43963,85935,0.1524081528186798,0
43964,86012,0.15177614986896515,0
43965,86125,0.2272169291973114,1
43966,86197,0.1511516124010086,0
43967,86271,0.22639161348342896,1
43968,86415,0.22557435929775238,1
43969,86474,0.2247650921344757,1
43970,86579,0.15053443610668182,0
43971,86636,0.14992450177669525,0
43972,86798,0.14932163059711456,0
43973,87376,0.2244281768798828,1
43974,87954,0.2269139438867569,1
43975,88028,0.1487257033586502,0
43976,88100,0.22364234924316406,1
43977,88244,0.226141557097435,1
43978,88357,0.14813664555549622,0
43979,88455,0.14755429327487946,0
43980,88528,0.2253761738538742,1
43981,88673,0.14697851240634918,0
43982,88763,0.14640921354293823,0
43983,88823,0.14584626257419586,0
43984,88909,0.22461774945259094,1
43985,89009,0.14473900198936462,0
43986,89218,0.1452895700931549,0
43987,89794,0.1445019394159317,0
43988,89870,0.22386622428894043,1
43989,89947,0.14343635737895966,0
43990,90033,0.14396630227565765,0
43991,90139,0.14291204512119293,0
43992,90213,0.1423932909965515,0
43993,90368,0.14187994599342346,0
43994,90514,0.22312143445014954,1
43995,90596,0.22238337993621826,1
43996,90782,0.14137199521064758,0
43997,90861,0.22092701494693756,1
43998,91086,0.22165191173553467,1
43999,91247,0.14086928963661194,0
44000,91342,0.14037173986434937,0
44001,91397,0.2202085554599762,1
44002,91502,0.219496488571167,1
44003,91561,0.13987930119037628,0
44004,91708,0.2187907099723816,1
44005,91813,0.13939188420772552,0
44006,91884,0.13890936970710754,0
44007,92462,0.21856224536895752,1
44008,93040,0.22778889536857605,1
44009,93143,0.1379588544368744,0
44010,93283,0.13843172788619995,0
44011,93353,0.1374906450510025,0
44012,93406,0.2270841896533966,1
44013,93485,0.1370270848274231,0
44014,93522,0.22569245100021362,1
44015,93670,0.22638539969921112,1
44016,93820,0.22500525414943695,1
44017,93891,0.2243237942457199,1
44018,93986,0.22364792227745056,1
44019,94109,0.2229776680469513,1
44020,94205,0.22231291234493256,1
44021,94302,0.22165358066558838,1
44022,94444,0.1365680694580078,0
44023,94515,0.13611352443695068,0
44024,94656,0.22099964320659637,1
44025,94735,0.13566339015960693,0
44026,94796,0.1352176070213318,0
44027,94901,0.1347760707139969,0
44028,95006,0.22035102546215057,1
44029,95092,0.2197076827287674,1
44030,95241,0.21906952559947968,1
44031,95323,0.13433873653411865,0
44032,95385,0.1339055597782135,0
44033,95497,0.13347645103931427,0
44034,95576,0.2194543033838272,1
44035,95720,0.13305136561393738,0
44036,96298,0.22007982432842255,1
44037,96356,0.13263021409511566,0
44038,96500,0.21883365511894226,1
44039,96573,0.13221299648284912,0
44040,97151,0.22705037891864777,1
44041,97217,0.1317995935678482,0
44042,97379,0.13138996064662933,0
44043,97506,0.22642101347446442,1
44044,97556,0.2257964164018631,1
44045,97637,0.2251765877008438,1
44046,97730,0.13098406791687012,0
44047,97791,0.1305818259716034,0
44048,97880,0.2245614379644394,1
44049,98026,0.22395093739032745,1
44050,98077,0.13018321990966797,0
44051,98187,0.13152574002742767,0
44052,98245,0.22334501147270203,1
44053,98821,0.13192027807235718,0
44054,98881,0.1307469606399536,0
44055,98989,0.22274363040924072,1
44056,99088,0.13113465905189514,0
44057,99203,0.235702246427536,3
44058,99286,0.0,2
44059,99450,0.0,2
44060,99599,0.25,3
44061,99693,0.0,2
44062,99838,0.22214673459529877,1
44063,99944,0.22155426442623138,1
44064,100644,0.2121320366859436,3
44065,100793,0.20503857731819153,3
44066,100950,0.20591260492801666,3
44067,101650,0.20816659927368164,3
44068,101786,0.20000000298023224,3
44069,101907,0.19436506927013397,3
44070,102568,0.10825317353010178,2
44071,102703,0.18867962062358856,3
44072,102869,0.10000000149011612,2
44073,102974,0.22096621990203857,1
44074,103123,0.18317674100399017,3
44075,103784,0.117851123213768,2
44076,104445,0.14940357208251953,2
44077,105023,0.2257707118988037,1
44078,105116,0.1730341911315918,3
44079,105246,0.17795129120349884,3
44080,105402,0.16842606663703918,3
44081,105500,0.16411377489566803,3
44082,105626,0.22518350183963776,1
44083,105751,0.16007809340953827,3
44084,105855,0.15629801154136658,3
44085,106012,0.1457403004169464,2
44086,106129,0.15275251865386963,3
44087,106231,0.14163942635059357,2
44088,106360,0.1494217813014984,3
44089,106420,0.22460052371025085,1
44090,106564,0.22402171790599823,1
44091,107264,0.14866068959236145,3
44092,107964,0.1976047158241272,3
44093,108121,0.1941819041967392,3
44094,108226,0.2234470695257187,1
44095,108887,0.15811388194561005,2
44096,109025,0.22287651896476746,1
44097,109147,0.19090867042541504,3
44098,109294,0.187777578830719,3
44099,109404,0.18478094041347504,3
44100,109567,0.15497934818267822,2
44101,109676,0.18191127479076385,3
44102,110337,0.1530931144952774,2
44103,110494,0.17916128039360046,3
44104,110599,0.22231002151966095,1
44105,111299,0.2104417085647583,3
44106,111426,0.22174754738807678,1
44107,111551,0.15081141889095306,2
44108,111673,0.20758506655693054,3
44109,111770,0.20483054220676422,3
44110,111907,0.20217342674732208,3
44111,112103,0.19750508666038513,3
44112,112803,0.19990231096744537,3
44113,113464,0.14940357208251953,2
44114,113611,0.22118903696537018,1
44115,114311,0.19544996321201324,3
44116,114404,0.19327467679977417,3
44117,115104,0.19362923502922058,3
44118,115804,0.19172051548957825,3
44119,115914,0.19341561198234558,3
44120,116010,0.1476670354604721,2
44121,116710,0.19518086314201355,3
44122,116876,0.1457403004169464,2
44123,117537,0.1452089548110962,2
44124,117693,0.19168658554553986,3
44125,118393,0.21057695150375366,3
44126,119093,0.2124791443347931,3
44127,119259,0.1436677873134613,2
44128,119370,0.22063446044921875,1
44129,119465,0.14201994240283966,2
44130,119548,0.2200837880373001,1
44131,120209,0.17886359989643097,2
44132,120301,0.2125212550163269,3
44133,120467,0.21098241209983826,3
44134,121167,0.2140798270702362,3
44135,121828,0.19140398502349854,2
44136,122528,0.2088143676519394,3
44137,122614,0.2195369452238083,1
44138,122696,0.2094641625881195,3
44139,123357,0.19284731149673462,2
44140,123464,0.20740418136119843,3
44141,123629,0.20601129531860352,3
44142,123774,0.2189939320087433,1
44143,123896,0.21845468878746033,1
44144,124030,0.21791915595531464,1
44145,124730,0.2076631784439087,3
44146,124896,0.1913784295320511,2
44147,125596,0.2139633744955063,3
44148,126296,0.20587299764156342,3
44149,126460,0.21738731861114502,1
44150,127160,0.21211105585098267,3
44151,127279,0.21095673739910126,3
44152,127450,0.2091040015220642,3
44153,128150,0.21018683910369873,3
44154,128236,0.2069540023803711,3
44155,128356,0.20802608132362366,3
44156,128455,0.1898006945848465,2
44157,128621,0.1881488710641861,2
44158,129321,0.21393562853336334,3
44159,129497,0.212890163064003,3
44160,129643,0.21685917675495148,1
44161,129767,0.21633462607860565,1
44162,130428,0.20673076808452606,2
44163,130564,0.21581365168094635,1
44164,131225,0.2211587280035019,2
44165,131320,0.21184997260570526,3
44166,131476,0.21081578731536865,3
44167,132176,0.21614520251750946,3
44168,132345,0.20978818833827972,3
44169,133045,0.22945265471935272,3
44170,133193,0.21529622375965118,1
44171,133344,0.21468964219093323,1
44172,133922,0.21519766747951508,1
44173,134091,0.22842134535312653,3
44174,134253,0.22739529609680176,3
44175,134914,0.21760818362236023,2
44176,135010,0.22637507319450378,3
44177,135116,0.21368369460105896,1
44178,135262,0.21418496966362,1
44179,135383,0.21318571269512177,1
44180,135493,0.22536113858222961,3
44181,135656,0.21629171073436737,2
44182,135826,0.22435393929481506,3
44183,135922,0.2233538180589676,3
44184,136023,0.21489660441875458,2
44185,136135,0.21269100904464722,1
44186,136251,0.21344321966171265,2
44187,136951,0.22192688286304474,3
44188,137612,0.21064795553684235,2
44189,138312,0.22252580523490906,3
44190,138394,0.21219956874847412,1
44191,138574,0.2117113173007965,1
44192,138743,0.22160513699054718,3
44193,138901,0.2206898331642151,3
44194,139057,0.2204122096300125,3
44195,139757,0.22128745913505554,3
44196,139921,0.20932957530021667,2
44197,140582,0.2207413762807846,2
44198,140719,0.21650636196136475,2
44199,141380,0.21398767828941345,2
44200,142041,0.2177107334136963,2
44201,142741,0.22794927656650543,3
44202,142831,0.21287749707698822,2
44203,142998,0.22708027064800262,3
44204,143144,0.21122628450393677,1
44205,143292,0.22549712657928467,3
44206,143992,0.22632940113544464,3
44207,144162,0.21173261106014252,2
44208,144249,0.21056100726127625,2
44209,144349,0.2246684432029724,3
44210,144464,0.22384361922740936,3
44211,144547,0.223022922873497,3
44212,145208,0.2201886624097824,2
44213,145786,0.21116727590560913,1
44214,146486,0.22239339351654053,3
44215,146598,0.22160547971725464,3
44216,146745,0.2190484255552292,2
44217,146852,0.21788755059242249,2
44218,146949,0.21671128273010254,2
44219,147069,0.21069057285785675,1
44220,147188,0.2208213210105896,3
44221,147340,0.2200412005186081,3
44222,147482,0.21926528215408325,3
44223,147566,0.21552403271198273,2
44224,147790,0.21432965993881226,2
44225,147888,0.21313133835792542,2
44226,148013,0.21021686494350433,1
44227,148158,0.20974624156951904,1
44228,148257,0.20927858352661133,1
44229,148416,0.21849371492862701,3
44230,148523,0.21724997460842133,3
44231,149184,0.22170621156692505,2
44232,149281,0.21937410533428192,2
44233,149445,0.2205415815114975,2
44234,150145,0.21799273788928986,3
44235,150241,0.21651118993759155,3
44236,150388,0.2088138610124588,1
44237,150570,0.21577657759189606,3
44238,150628,0.20835208892822266,1
44239,150793,0.21820609271526337,2
44240,150874,0.21504619717597961,3
44241,150983,0.2078932225704193,1
44242,151140,0.21432022750377655,3
44243,151718,0.2088376134634018,1
44244,151868,0.21359869837760925,3
44245,151993,0.21252965927124023,3
44246,152101,0.21183718740940094,3
44247,152213,0.20838488638401031,1
44248,152913,0.21322622895240784,3
44249,152975,0.20748773217201233,1
44250,153120,0.2079349309206009,1
44251,153186,0.20704327523708344,1
44252,153279,0.21703948080539703,2
44253,153419,0.21114888787269592,3
44254,153576,0.21046489477157593,3
44255,153741,0.2158759981393814,2
44256,154402,0.216171994805336,2
44257,154548,0.20660151541233063,1
44258,155209,0.21637509763240814,2
44259,155367,0.21393528580665588,3
44260,156067,0.21460920572280884,3
44261,156177,0.2153526395559311,2
44262,156342,0.21432967483997345,2
44263,156472,0.21326526999473572,3
44264,157050,0.21083050966262817,1
44265,157628,0.2108868956565857,1
44266,157727,0.21330764889717102,2
44267,157852,0.21228769421577454,2
44268,158552,0.212381511926651,3
44269,158645,0.21108470857143402,3
44270,158740,0.2117312252521515,3
44271,159440,0.21024192869663239,3
44272,159605,0.20961394906044006,3
44273,160305,0.20879535377025604,3
44274,160392,0.21127097308635712,2
44275,161092,0.20948299765586853,3
44276,161670,0.21306197345256805,1
44277,162370,0.2091905027627945,3
44278,162500,0.20925049483776093,2
44279,162611,0.21025829017162323,2
44280,162685,0.2082482874393463,2
44281,163263,0.2174762338399887,1
44282,163409,0.2174762338399887,1
44283,163507,0.2086097002029419,3
44284,163630,0.20725223422050476,2
44285,163799,0.2080315500497818,3
44286,163928,0.20745615661144257,3
44287,164097,0.20664241909980774,3
44288,164797,0.20720107853412628,3
44289,164908,0.20608633756637573,3
44290,165032,0.20626288652420044,2
44291,165693,0.2052457183599472,2
44292,165842,0.20553281903266907,3
44293,166012,0.204305961728096,2
44294,166111,0.2042628824710846,3
44295,166273,0.20372627675533295,3
44296,166973,0.204802006483078,3
44297,167673,0.2030256986618042,3
44298,167837,0.20250274240970612,3
44299,168498,0.203339084982872,2
44300,168622,0.20270352065563202,3
44301,169322,0.20321336388587952,3
44302,169428,0.21306198835372925,1
44303,169537,0.2024451345205307,2
44304,169657,0.2021958827972412,3
44305,169743,0.21306197345256805,1
44306,169887,0.2016904652118683,3
44307,170053,0.20155644416809082,2
44308,170216,0.20118729770183563,3
44309,170877,0.2022886574268341,2
44310,170986,0.21306197345256805,1
44311,171647,0.20911312103271484,2
44312,172347,0.2005411833524704,3
44313,172515,0.2000502049922943,3
44314,172616,0.19956138730049133,3
44315,173277,0.21195559203624725,2
44316,173443,0.211141899228096,2
44317,173506,0.21306197345256805,1
44318,173705,0.19907477498054504,3
44319,174405,0.20103436708450317,3
44320,174492,0.21033042669296265,2
44321,174600,0.20055609941482544,3
44322,175300,0.19994139671325684,3
44323,175878,0.2197389453649521,1
44324,175937,0.21306198835372925,1
44325,176598,0.2162250429391861,2
44326,176692,0.19947421550750732,3
44327,176794,0.21542641520500183,2
44328,177494,0.2013489007949829,3
44329,178194,0.20119032263755798,3
44330,178360,0.21462994813919067,2
44331,178466,0.2007405310869217,3
44332,178562,0.21383602917194366,2
44333,178712,0.21973896026611328,1
44334,179412,0.20013880729675293,3
44335,180112,0.2039211243391037,3
44336,180812,0.19954222440719604,3
44337,180940,0.21304503083229065,2
44338,181082,0.20349383354187012,3
44339,181782,0.19895075261592865,3
44340,181862,0.2197389304637909,1
44341,181976,0.21973896026611328,1
44342,182080,0.2122572958469391,2
44343,182226,0.2197389453649521,1
44344,182288,0.21854808926582336,1
44345,182421,0.21854808926582336,1
44346,182523,0.21147309243679047,2
44347,183223,0.20404081046581268,3
44348,183351,0.20362290740013123,3
44349,183929,0.21306197345256805,1
44350,184629,0.20302428305149078,3
44351,185290,0.21058504283428192,2
44352,185868,0.21430477499961853,1
44353,186568,0.20243078470230103,3
44354,186733,0.20983198285102844,2
44355,186841,0.20202909409999847,3
44356,186930,0.20162835717201233,3
44357,187060,0.20122866332530975,3
44358,187216,0.20082998275756836,3
44359,187308,0.2004324197769165,3
44360,187434,0.21430477499961853,1
44361,187543,0.200035959482193,3
44362,187687,0.2116793841123581,1
44363,187777,0.19964063167572021,3
44364,187929,0.19924649596214294,3
44365,188629,0.19911596179008484,3
44366,189329,0.19858483970165253,3
44367,189426,0.20950409770011902,2
44368,190087,0.21022726595401764,2
44369,190147,0.2116793841123581,1
44370,190240,0.19820575416088104,3
44371,190386,0.2116793841123581,1
44372,190484,0.19782771170139313,3
44373,190617,0.19745072722434998,3
44374,190782,0.20878370106220245,2
44375,190913,0.20806629955768585,2
44376,191050,0.19707483053207397,3
44377,191159,0.2116793841123581,1
44378,191280,0.2116793841123581,1
44379,191980,0.19657301902770996,3
44380,192110,0.20735208690166473,2
44381,192810,0.19716380536556244,3
44382,192977,0.19595003128051758,3
44383,193677,0.19666261970996857,3
44384,193819,0.21039199829101562,1
44385,193911,0.19630587100982666,3
44386,193972,0.21039199829101562,1
44387,194057,0.2066412717103958,2
44388,194218,0.19559510052204132,3
44389,194366,0.21039199829101562,1
44390,194474,0.1952410787343979,3
44391,194623,0.19453594088554382,3
44392,194722,0.19488801062107086,3
44393,194812,0.21039199829101562,1
44394,194901,0.19418485462665558,3
44395,195024,0.20593403279781342,2
44396,195130,0.19383476674556732,3
44397,195300,0.20523051917552948,2
44398,195367,0.20453086495399475,2
44399,195554,0.20383517444133759,2
44400,195677,0.19348572194576263,3
44401,195762,0.20314356684684753,2
44402,195827,0.21039199829101562,1
44403,196488,0.2057126760482788,2
44404,196562,0.20503869652748108,2
44405,197223,0.20438434183597565,2
44406,197383,0.20373325049877167,2
44407,197556,0.21039199829101562,1
44408,197652,0.1930827796459198,3
44409,198352,0.19342507421970367,3
44410,198511,0.1927414834499359,3
44411,199211,0.19230489432811737,3
44412,199872,0.21605482697486877,2
44413,200082,0.19196966290473938,3
44414,200782,0.19192111492156982,3
44415,200937,0.19159220159053802,3
44416,201082,0.19126419723033905,3
44417,201157,0.21039199829101562,1
44418,201248,0.1905229538679123,3
44419,201948,0.19084526598453522,3
44420,202061,0.21039199829101562,1
44421,202225,0.18979449570178986,3
44422,202925,0.19011127948760986,3
44423,203046,0.1894785612821579,3
44424,203746,0.18907853960990906,3
44425,203868,0.21537497639656067,2
44426,204062,0.1887679547071457,3
44427,204132,0.21469876170158386,2
44428,204832,0.19030241668224335,3
44429,204912,0.21402619779109955,2
44430,205573,0.21607553958892822,2
44431,206234,0.21535447239875793,2
44432,206292,0.2104417085647583,1
44433,206953,0.2225026786327362,2
44434,207099,0.1905885487794876,3
44435,207199,0.19028612971305847,3
44436,207321,0.20768892765045166,1
44437,207379,0.20768892765045166,1
44438,207483,0.20768892765045166,1
44439,208183,0.19089168310165405,3
44440,208309,0.22185806930065155,2
44441,208406,0.18998441100120544,3
44442,208501,0.19228632748126984,3
44443,208692,0.1919860988855362,3
44444,209392,0.1925872564315796,3
44445,210053,0.22083137929439545,2
44446,210198,0.20631730556488037,1
44447,210859,0.22008192539215088,2
44448,210973,0.19168658554553986,3
44449,211130,0.18993419408798218,3
44450,211225,0.21946829557418823,2
44451,211319,0.18993419408798218,3
44452,211445,0.2188570350408554,2
44453,211531,0.21824832260608673,2
44454,211653,0.18993419408798218,3
44455,212314,0.21845033764839172,2
44456,213014,0.18957781791687012,3
44457,213159,0.20631730556488037,1
44458,213311,0.188663050532341,3
44459,213457,0.18965165317058563,3
44460,213572,0.2049141228199005,1
44461,213699,0.188663050532341,3
44462,213758,0.2049141228199005,1
44463,213914,0.18895502388477325,3
44464,214614,0.18895502388477325,3
44465,214766,0.18895502388477325,3
44466,215427,0.2177494466304779,2
44467,215554,0.1999681144952774,1
44468,215722,0.21717379987239838,2
44469,215801,0.19845832884311676,1
44470,215963,0.18895500898361206,3
44471,216110,0.18895500898361206,3
44472,216215,0.19846220314502716,1
44473,216394,0.19186192750930786,3
44474,217094,0.19186191260814667,3
44475,217218,0.2166002094745636,2
44476,217918,0.1935710459947586,3
44477,218038,0.19846218824386597,1
44478,218147,0.19846220314502716,1
44479,218310,0.21602870523929596,2
44480,218403,0.2154594212770462,2
44481,218548,0.1935710459947586,3
44482,218669,0.2148924618959427,2
44483,218816,0.19846218824386597,1
44484,218947,0.19846220314502716,1
44485,219059,0.1935710459947586,3
44486,219226,0.2143278270959854,2
44487,219385,0.1935710459947586,3
44488,219480,0.1935710459947586,3
44489,220141,0.21371567249298096,2
44490,220246,0.19846220314502716,1
44491,220314,0.19846220314502716,1
44492,220479,0.1936691701412201,3
44493,220605,0.2131664752960205,2
44494,220708,0.18940697610378265,3
44495,220868,0.19846218824386597,1
44496,221568,0.1936691701412201,3
44497,221760,0.1936691850423813,3
44498,221925,0.21261948347091675,2
44499,222625,0.20105721056461334,3
44500,223325,0.1935710459947586,3
44501,223463,0.19846220314502716,1
44502,223616,0.21207484602928162,2
44503,223694,0.20105721056461334,3
44504,223793,0.21153251826763153,2
44505,223924,0.21099257469177246,2
44506,224022,0.21045507490634918,2
44507,224120,0.20992004871368408,2
44508,224219,0.20105721056461334,3
44509,224385,0.19705265760421753,3
44510,225046,0.21026015281677246,2
44511,225146,0.19705265760421753,3
44512,225303,0.19705265760421753,3
44513,225394,0.19705265760421753,3
44514,225511,0.19715413451194763,3
44515,225667,0.2097388505935669,2
44516,225728,0.19846218824386597,1
44517,226389,0.21590204536914825,2
44518,226499,0.19846220314502716,1
44519,227199,0.19705265760421753,3
44520,227278,0.19534245133399963,1
44521,227424,0.19534245133399963,1
44522,228124,0.2011740356683731,3
44523,228223,0.21537679433822632,2
44524,228336,0.2011740654706955,3
44525,228470,0.19534245133399963,1
44526,228609,0.18391989171504974,1
44527,228779,0.21485383808612823,2
44528,228870,0.20096704363822937,3
44529,229531,0.2143087536096573,2
44530,229678,0.18391989171504974,1
44531,230339,0.22005890309810638,2
44532,230917,0.18564695119857788,1
44533,231146,0.21954409778118134,2
44534,231807,0.21971440315246582,2
44535,232468,0.21986813843250275,2
44536,233129,0.22000600397586823,2
44537,233255,0.1856263428926468,1
44538,233347,0.2002691924571991,3
44539,233509,0.20107148587703705,3
44540,233591,0.21952486038208008,2
44541,233721,0.21904520690441132,2
44542,233848,0.2002691775560379,3
44543,233980,0.1856263428926468,1
44544,234125,0.1856263279914856,1
44545,234183,0.1856263428926468,1
44546,234329,0.2002692073583603,3
44547,234429,0.19615045189857483,3
44548,234537,0.1952715963125229,3
44549,235115,0.18732133507728577,1
44550,235253,0.18732133507728577,1
44551,235314,0.18732133507728577,1
44552,235477,0.21856704354286194,2
44553,236177,0.19859443604946136,3
44554,236281,0.21761548519134521,2
44555,236428,0.18732133507728577,1
44556,236525,0.2180904746055603,2
44557,236584,0.18732133507728577,1
44558,236731,0.19859443604946136,3
44559,236896,0.21714213490486145,2
44560,236991,0.21667049825191498,2
44561,237092,0.19859443604946136,3
44562,237203,0.18732133507728577,1
44563,237286,0.2162005454301834,2
44564,237432,0.18732133507728577,1
44565,237496,0.18732133507728577,1
44566,237643,0.19859443604946136,3
44567,238304,0.2164008915424347,2
44568,238469,0.21594160795211792,2
44569,238566,0.18732133507728577,1
44570,238685,0.18732133507728577,1
44571,238782,0.1983204334974289,3
44572,238866,0.18168708682060242,1
44573,238965,0.21548396348953247,2
44574,239083,0.0,4
44575,239783,0.19859443604946136,3
44576,240487,0.0833333432674408,4
44577,241187,0.19885672628879547,3
44578,242089,0.0,5
44579,242991,0.035714298486709595,5
44580,243153,0.10825317353010178,4
44581,243857,0.10393492877483368,4
44582,244028,0.10540926456451416,4
44583,244186,0.1979999989271164,3
44584,245088,0.035714298486709595,5
44585,245242,0.19806817173957825,3
44586,246144,0.03367176279425621,5
44587,246271,0.17210514843463898,5
44588,247173,0.05345224589109421,5
44589,248075,0.17436742782592773,5
44590,248977,0.17404989898204803,5
44591,249879,0.1937808394432068,5
44592,250011,0.20940928161144257,5
44593,250275,0.2020305097103119,5
44594,250470,0.2182178795337677,5
44595,251170,0.19549360871315002,3
44596,252072,0.21308481693267822,5
44597,252974,0.209121435880661,5
44598,253678,0.11453071236610413,4
44599,253791,0.195549875497818,3
44600,253981,0.21498212218284607,5
44601,254883,0.2089819759130478,5
44602,255583,0.19841307401657104,3
44603,255763,0.11293849349021912,4
44604,255904,0.198131263256073,3
44605,256806,0.21142427623271942,5
44606,257506,0.19806817173957825,3
44607,258408,0.20790772140026093,5
44608,259310,0.2037906050682068,5
44609,260212,0.2073470950126648,5
44610,261114,0.2003629356622696,5
44611,261209,0.19806817173957825,3
44612,262111,0.19919298589229584,5
44613,262811,0.1979999989271164,3
44614,263713,0.21819756925106049,5
44615,264615,0.21733073890209198,5
44616,265517,0.20188723504543304,5
44617,265681,0.11023963987827301,4
44618,265782,0.10718367993831635,4
44619,265977,0.23537540435791016,5
44620,266879,0.2301141768693924,5
44621,267781,0.23173601925373077,5
44622,268485,0.11456438899040222,4
44623,269387,0.227722629904747,5
44624,270289,0.2301611453294754,5
44625,271191,0.24295519292354584,5
44626,272093,0.23363682627677917,5
44627,272995,0.23902541399002075,5
44628,273897,0.23812049627304077,5
44629,274597,0.19543220102787018,3
44630,275499,0.23902541399002075,5
44631,275638,0.19543221592903137,3
44632,275793,0.11236663907766342,4
44633,275889,0.19543221592903137,3
44634,276023,0.19543221592903137,3
44635,276180,0.19543220102787018,3
44636,276290,0.19250908493995667,3
44637,277192,0.2361694574356079,5
44638,277318,0.1863323599100113,3
44639,278022,0.17513222992420197,4
44640,278924,0.23295967280864716,5
44641,279624,0.18733325600624084,3
44642,280328,0.1686275154352188,4
44643,281028,0.18766726553440094,3
44644,281266,0.23411722481250763,5
44645,282168,0.2298772931098938,5
44646,282346,0.18766725063323975,3
44647,283248,0.23511864244937897,5
44648,284150,0.2358810305595398,5
44649,284383,0.2390526533126831,5
44650,285285,0.23786893486976624,5
44651,285462,0.16581414639949799,4
44652,286364,0.23660679161548615,5
44653,286521,0.18766725063323975,3
44654,286648,0.18766725063323975,3
44655,287550,0.23370982706546783,5
44656,288452,0.23423321545124054,5
44657,288620,0.16292086243629456,4
44658,289522,0.23203058540821075,5
44659,290424,0.2329380065202713,5
44660,290580,0.18766725063323975,3
44661,291482,0.23164544999599457,5
44662,292384,0.23247118294239044,5
44663,293084,0.18957781791687012,3
44664,293986,0.23314175009727478,5
44665,294888,0.23527461290359497,5
44666,295790,0.23541998863220215,5
44667,296692,0.23091226816177368,5
44668,297594,0.23547713458538055,5
44669,298496,0.23391270637512207,5
44670,299398,0.23219168186187744,5
44671,300300,0.23153036832809448,5
44672,301202,0.2305906116962433,5
44673,301902,0.19161875545978546,3
44674,302059,0.16002386808395386,4
44675,302961,0.22964467108249664,5
44676,303121,0.19161875545978546,3
44677,304023,0.22869424521923065,5
44678,304174,0.19161875545978546,3
44679,305076,0.22871491312980652,5
44680,305776,0.1909947693347931,3
44681,305967,0.23118577897548676,5
44682,306869,0.22827160358428955,5
44683,307011,0.15716882050037384,4
44684,307133,0.23383623361587524,5
44685,307232,0.1909947544336319,3
44686,308134,0.23360584676265717,5
44687,308834,0.18686625361442566,3
44688,309026,0.23591379821300507,5
44689,309726,0.18681541085243225,3
44690,310628,0.234344944357872,5
44691,310721,0.18648792803287506,3
44692,311623,0.23324798047542572,5
44693,311750,0.15438272058963776,4
44694,312652,0.23171354830265045,5
44695,313352,0.19664117693901062,3
44696,314254,0.23124870657920837,5
44697,315156,0.23139269649982452,5
44698,316058,0.2296600639820099,5
44699,316960,0.22950249910354614,5
44700,317664,0.16678205132484436,4
44701,318566,0.22931228578090668,5
44702,319270,0.2028871476650238,4
44703,319462,0.231424480676651,5
44704,320364,0.2305152714252472,5
44705,320482,0.20015111565589905,4
44706,320640,0.19744260609149933,4
44707,321542,0.230320006608963,5
44708,322444,0.23757889866828918,5
44709,322694,0.2395520806312561,5
44710,323398,0.1947779804468155,4
44711,324300,0.2380691021680832,5
44712,325202,0.23710668087005615,5
44713,325361,0.19664117693901062,3
44714,325555,0.2375403642654419,5
44715,326457,0.2356746792793274,5
44716,326562,0.19664117693901062,3
44717,326808,0.2392730712890625,5
44718,327710,0.23839378356933594,5
44719,328612,0.2400856614112854,5
44720,329514,0.24165967106819153,5
44721,329798,0.24299713969230652,5
44722,330700,0.2412942349910736,5
44723,330891,0.24369855225086212,5
44724,331056,0.19664117693901062,3
44725,331958,0.2420867681503296,5
44726,332658,0.19629314541816711,3
44727,333560,0.24296629428863525,5
44728,334462,0.24250414967536926,5
44729,335364,0.24263007938861847,5
44730,335492,0.19245009124279022,4
44731,335664,0.19014613330364227,4
44732,336566,0.24397048354148865,5
44733,337468,0.24923722445964813,5
44734,338370,0.24904191493988037,5
44735,339074,0.19091373682022095,4
44736,339976,0.24811652302742004,5
44737,340680,0.202970951795578,4
44738,340864,0.2496364712715149,5
44739,341024,0.19629313051700592,3
44740,341728,0.1951047033071518,4
44741,342630,0.24940083920955658,5
44742,343532,0.2478552907705307,5
44743,344434,0.24825100600719452,5
44744,344596,0.20135457813739777,4
44745,345498,0.24666348099708557,5
44746,345828,0.24725592136383057,5
44747,346730,0.24581649899482727,5
44748,346873,0.2486126720905304,5
44749,347032,0.19629313051700592,3
44750,347223,0.19629313051700592,3
44751,348125,0.24890492856502533,5
44752,349027,0.24916528165340424,5
44753,349727,0.19656994938850403,3
44754,349842,0.19656996428966522,3
44755,349972,0.19629314541816711,3
44756,350130,0.199360191822052,4
44757,350834,0.20078933238983154,4
44758,350996,0.19629313051700592,3
44759,351898,0.2501947283744812,5
44760,352089,0.2515256106853485,5
44761,352250,0.19789953529834747,4
44762,352390,0.19641855359077454,4
44763,353292,0.2500765025615692,5
44764,354194,0.25046485662460327,5
44765,354894,0.2007679045200348,3
44766,355594,0.1980145126581192,3
44767,355795,0.2513616979122162,5
44768,355932,0.2007679045200348,3
44769,356096,0.1949261575937271,4
44770,356998,0.2502681612968445,5
44771,357094,0.2007679045200348,3
44772,357218,0.19342948496341705,4
44773,357400,0.19193428754806519,4
44774,358302,0.2521745264530182,5
44775,359204,0.2516908347606659,5
44776,360106,0.2515069842338562,5
44777,361008,0.2510424852371216,5
44778,361147,0.1904451847076416,4
44779,362049,0.25005030632019043,5
44780,362951,0.24928930401802063,5
44781,363853,0.24867194890975952,5
44782,363953,0.2007679045200348,3
44783,364082,0.20322401821613312,3
44784,364984,0.2480565458536148,5
44785,365684,0.20322401821613312,3
44786,365828,0.18896585702896118,4
44787,365993,0.20322401821613312,3
44788,366895,0.24705670773983002,5
44789,367599,0.1866694986820221,4
44790,367791,0.24825529754161835,5
44791,368491,0.20312310755252838,3
44792,368649,0.24939508736133575,5
44793,368812,0.2502334415912628,5
44794,368980,0.1852995902299881,4
44795,369882,0.24917474389076233,5
44796,370582,0.20388968288898468,3
44797,370742,0.18394027650356293,4
44798,371644,0.24998021125793457,5
44799,372546,0.2490168958902359,5
44800,372653,0.20124611258506775,3
44801,372809,0.2500046193599701,5
44802,373711,0.24937552213668823,5
44803,373860,0.25032728910446167,5
44804,373992,0.2512335181236267,5
44805,374894,0.25036242604255676,5
44806,375796,0.25220584869384766,5
44807,376698,0.2519192397594452,5
44808,377600,0.251390278339386,5
44809,377710,0.20124611258506775,3
44810,378612,0.2510901391506195,5
44811,379312,0.20202969014644623,3
44812,379411,0.2021360844373703,3
44813,380313,0.25115880370140076,5
44814,380478,0.2021360844373703,3
44815,381380,0.2505474388599396,5
44816,382282,0.24966374039649963,5
44817,382469,0.2505382299423218,5
44818,382630,0.2021360844373703,3
44819,383532,0.25147145986557007,5
44820,384434,0.2512151002883911,5
44821,385138,0.1874343901872635,4
44822,386040,0.2500792145729065,5
44823,386136,0.20223748683929443,3
44824,387038,0.2506459057331085,5
44825,387184,0.20223748683929443,3
44826,388086,0.24951504170894623,5
44827,388326,0.2519983649253845,5
44828,389228,0.2511371672153473,5
44829,390130,0.25123023986816406,5
44830,391032,0.2508997321128845,5
44831,391736,0.19375967979431152,4
44832,392638,0.25066864490509033,5
44833,393540,0.25014451146125793,5
44834,394240,0.20223748683929443,3
44835,395142,0.24939605593681335,5
44836,395337,0.2510599195957184,5
44837,395493,0.192549467086792,4
44838,396395,0.2502577304840088,5
44839,397297,0.24981334805488586,5
44840,398199,0.25053367018699646,5
44841,398299,0.20143485069274902,3
44842,398485,0.250597208738327,5
44843,398647,0.20119082927703857,3
44844,398878,0.25134965777397156,5
44845,399578,0.20388659834861755,3
44846,400282,0.1950695514678955,4
44847,400986,0.2074543833732605,4
44848,401690,0.1950894445180893,4
44849,402592,0.25057321786880493,5
44850,403292,0.20378847420215607,3
44851,403996,0.21437984704971313,4
44852,404181,0.2512984871864319,5
44853,404885,0.21218328177928925,4
44854,405585,0.20455744862556458,3
44855,406289,0.22171053290367126,4
44856,406993,0.22069109976291656,4
44857,407895,0.25080907344818115,5
44858,408599,0.2185606062412262,4
44859,408745,0.20417578518390656,3
44860,409445,0.20417580008506775,3
44861,410347,0.25233155488967896,5
44862,411047,0.20952266454696655,3
44863,411949,0.25162258744239807,5
44864,412851,0.2509384751319885,5
44865,412963,0.21022309362888336,3
44866,413663,0.209398552775383,3
44867,414363,0.21022309362888336,3
44868,414503,0.21776586771011353,4
44869,415207,0.22282688319683075,4
44870,415911,0.2207966297864914,4
44871,416813,0.2502424716949463,5
44872,417517,0.22110110521316528,4
44873,418419,0.24976041913032532,5
44874,418533,0.21022309362888336,3
44875,419237,0.22310535609722137,4
44876,419378,0.22251103818416595,4
44877,419535,0.2502468526363373,5
44878,420437,0.24954022467136383,5
44879,420609,0.25174352526664734,5
44880,421313,0.22265371680259705,4
44881,421408,0.21035149693489075,3
44882,422310,0.25105735659599304,5
44883,423014,0.22652094066143036,4
44884,423159,0.21035148203372955,3
44885,424061,0.25150370597839355,5
44886,424765,0.22476726770401,4
44887,425465,0.21127648651599884,3
44888,426165,0.2098189741373062,3
44889,426301,0.22430133819580078,4
44890,426461,0.21127648651599884,3
44891,427363,0.25082817673683167,5
44892,428063,0.21179649233818054,3
44893,428965,0.25037625432014465,5
44894,429115,0.22380703687667847,4
44895,429815,0.21194279193878174,3
44896,429978,0.22328735888004303,4
44897,430678,0.21333307027816772,3
44898,430806,0.21333307027816772,3
44899,430943,0.2227451205253601,4
44900,431107,0.2510315775871277,5
44901,431811,0.22180932760238647,4
44902,432007,0.2516627311706543,5
44903,432190,0.2524318993091583,5
44904,432435,0.2518400251865387,5
44905,433337,0.2512255609035492,5
44906,434041,0.22028625011444092,4
44907,434247,0.21981070935726166,4
44908,435149,0.2520090937614441,5
44909,436051,0.2517506778240204,5
44910,436207,0.21333307027816772,3
44911,436371,0.2516385316848755,5
44912,437273,0.25106826424598694,5
44913,437395,0.21880163252353668,4
44914,437550,0.21931517124176025,4
44915,438452,0.25193795561790466,5
44916,439152,0.21344730257987976,3
44917,440054,0.2533443868160248,5
44918,440148,0.21207544207572937,3
44919,441050,0.25541412830352783,5
44920,441211,0.21827200055122375,4
44921,441371,0.25597482919692993,5
44922,442273,0.25554758310317993,5
44923,443175,0.25512152910232544,5
44924,444077,0.25583121180534363,5
44925,444979,0.2560429275035858,5
44926,445683,0.21857233345508575,4
44927,446387,0.22024567425251007,4
44928,446547,0.21207544207572937,3
44929,447449,0.2558751404285431,5
44930,448351,0.2577672004699707,5
44931,449055,0.21943283081054688,4
44932,449172,0.21900446712970734,4
44933,450074,0.2573206424713135,5
44934,450976,0.25666677951812744,5
44935,451878,0.256043016910553,5
44936,452012,0.256642609834671,5
44937,452914,0.25606390833854675,5
44938,453031,0.2185596227645874,4
44939,453233,0.2571822702884674,5
44940,454135,0.2574402987957001,5
44941,455037,0.25741949677467346,5
44942,455939,0.25767776370048523,5
44943,456841,0.2581517994403839,5
44944,456995,0.21809978783130646,4
44945,457897,0.25699499249458313,5
44946,458096,0.2577166259288788,5
44947,458243,0.21222394704818726,3
44948,459145,0.25759854912757874,5
44949,459849,0.21670131385326385,4
44950,460751,0.25661054253578186,5
44951,461653,0.25655463337898254,5
44952,462555,0.2553806006908417,5
44953,463457,0.2541971504688263,5
44954,463589,0.2551470100879669,5
44955,463729,0.2162473052740097,4
44956,464631,0.25434890389442444,5
44957,465533,0.2549947500228882,5
44958,466435,0.2545464038848877,5
44959,467337,0.255288690328598,5
44960,468041,0.2165464460849762,4
44961,468129,0.21222394704818726,3
44962,469031,0.25529471039772034,5
44963,469735,0.21978448331356049,4
44964,470637,0.2551500201225281,5
44965,470780,0.21937336027622223,4
44966,470934,0.21080262959003448,3
44967,471836,0.2558935582637787,5
44968,472024,0.2576344311237335,5
44969,472926,0.25684109330177307,5
44970,473168,0.25709298253059387,5
44971,473326,0.21894916892051697,4
44972,474228,0.256033331155777,5
44973,475130,0.25739049911499023,5
44974,476032,0.25578784942626953,5
44975,476202,0.21064426004886627,3
44976,477104,0.25684505701065063,5
44977,477260,0.21077002584934235,3
44978,477387,0.21064426004886627,3
44979,477624,0.25699374079704285,5
44980,477771,0.2582278549671173,5
44981,477958,0.2108909785747528,3
44982,478115,0.2185131013393402,4
44983,478815,0.21118652820587158,3
44984,478934,0.20740297436714172,3
44985,479091,0.25835007429122925,5
44986,479993,0.2571803033351898,5
44987,480163,0.21806620061397552,4
44988,480863,0.21265935897827148,3
44989,481022,0.2119528353214264,3
44990,481726,0.2195681631565094,4
44991,481884,0.2186966836452484,4
44992,482020,0.21913734078407288,4
44993,482922,0.256049245595932,5
44994,483079,0.25682419538497925,5
44995,483219,0.2182471603155136,4
44996,484121,0.2571735978126526,5
44997,485023,0.2567497193813324,5
44998,485723,0.21341919898986816,3
44999,486625,0.2566142976284027,5
45000,486766,0.21778951585292816,4
45001,486956,0.21732451021671295,4
45002,487172,0.2577809691429138,5
45003,487369,0.2589300274848938,5
45004,487510,0.2168528139591217,4
45005,488412,0.2586306035518646,5
45006,488607,0.25846782326698303,5
45007,489307,0.21422827243804932,3
45008,489463,0.21637514233589172,4
45009,489653,0.2593592703342438,5
45010,489771,0.2158920019865036,4
45011,490673,0.25873294472694397,5
45012,490884,0.21540406346321106,4
45013,491065,0.2593592405319214,5
45014,491223,0.21491169929504395,4
45015,492125,0.2595708966255188,5
45016,492258,0.2139158993959427,4
45017,492431,0.2144155353307724,4
45018,492590,0.2134133279323578,4
45019,492710,0.21290811896324158,4
45020,492862,0.2143542766571045,3
45021,493764,0.25977790355682373,5
45022,493965,0.2124006748199463,4
45023,494137,0.2143542766571045,3
45024,494325,0.2602235972881317,5
45025,495227,0.25934547185897827,5
45026,495376,0.2143542766571045,3
45027,496278,0.25970327854156494,5
45028,497180,0.2604448199272156,5
45029,497359,0.2118912935256958,4
45030,497480,0.2606496810913086,5
45031,498382,0.2613677978515625,5
45032,499284,0.2613678276538849,5
45033,499379,0.2143542468547821,3
45034,500281,0.2611178457736969,5
45035,500414,0.2620929777622223,5
45036,501316,0.26307612657546997,5
45037,502218,0.26307612657546997,5
45038,502323,0.2143542468547821,3
45039,503225,0.26312267780303955,5
45040,504127,0.26312267780303955,5
45041,504281,0.26406845450401306,5
45042,504445,0.2143542766571045,3
45043,505347,0.2639225125312805,5
45044,506051,0.21086570620536804,4
45045,506953,0.2637746036052704,5
45046,507855,0.26347267627716064,5
45047,508757,0.26312267780303955,5
45048,509659,0.2620443105697632,5
45049,510363,0.2098548412322998,4
45050,510453,0.2143542468547821,3
45051,510618,0.2143542468547821,3
45052,510780,0.2143542468547821,3
45053,510924,0.209370419383049,4
45054,511826,0.2617747485637665,5
45055,512728,0.26138344407081604,5
45056,512892,0.26138344407081604,5
45057,513794,0.2626083493232727,5
45058,514110,0.26414668560028076,5
45059,515012,0.2626083493232727,5
45060,515914,0.263395220041275,5
45061,516053,0.2651951014995575,5
45062,516955,0.26406845450401306,5
45063,517143,0.2658138871192932,5
45064,517343,0.266400545835495,5
45065,518245,0.26531746983528137,5
45066,518945,0.21406541764736176,3
45067,519107,0.2141844928264618,3
45068,519807,0.21660101413726807,3
45069,519968,0.21660101413726807,3
45070,520128,0.26615914702415466,5
45071,521030,0.26557961106300354,5
45072,521730,0.21674813330173492,3
45073,521886,0.20888441801071167,4
45074,522300,0.2631985545158386,5
45075,523202,0.26319852471351624,5
45076,523330,0.21674813330173492,3
45077,523567,0.26452112197875977,5
45078,524469,0.26372501254081726,5
45079,525371,0.2648543417453766,5
45080,525534,0.2168818861246109,3
45081,525689,0.20839698612689972,4
45082,526591,0.26470911502838135,5
45083,526747,0.21621228754520416,3
45084,527649,0.2636662721633911,5
45085,528551,0.26671087741851807,5
45086,529453,0.26540207862854004,5
45087,530355,0.2649410367012024,5
45088,530462,0.21633249521255493,3
45089,531364,0.265765905380249,5
45090,531456,0.21633249521255493,3
45091,531585,0.26576587557792664,5
45092,532289,0.20743834972381592,4
45093,532993,0.20649279654026031,4
45094,533697,0.20713292062282562,4
45095,533885,0.2655375897884369,5
45096,534042,0.2665692865848541,5
45097,534944,0.2655375897884369,5
45098,535097,0.2667049169540405,5
45099,535801,0.21022361516952515,4
45100,535940,0.2097831815481186,4
45101,536842,0.26643049716949463,5
45102,536999,0.21633249521255493,3
45103,537901,0.2655913531780243,5
45104,538098,0.26319247484207153,5
45105,538213,0.21633249521255493,3
45106,538302,0.21633249521255493,3
45107,539006,0.218368798494339,4
45108,539908,0.26344242691993713,5
45109,540810,0.26372429728507996,5
45110,541712,0.2628238797187805,5
45111,542614,0.26249974966049194,5
45112,542751,0.26387515664100647,5
45113,542964,0.26343396306037903,5
45114,543083,0.264858216047287,5
45115,543985,0.26457297801971436,5
45116,544689,0.21972788870334625,4
45117,545591,0.2638932764530182,5
45118,546295,0.22004897892475128,4
45119,546437,0.21962089836597443,4
45120,546584,0.21633249521255493,3
45121,546744,0.21633249521255493,3
45122,546872,0.21919044852256775,4
45123,547016,0.21875789761543274,4
45124,547206,0.26293066143989563,5
45125,548108,0.26290661096572876,5
45126,548812,0.218413308262825,4
45127,549516,0.22008416056632996,4
45128,549608,0.21633249521255493,3
45129,550312,0.2176515758037567,4
45130,550452,0.2196863889694214,4
45131,551156,0.22200937569141388,4
45132,551860,0.22111235558986664,4
45133,552006,0.21633249521255493,3
45134,552201,0.26291534304618835,5
45135,552358,0.21633249521255493,3
45136,552502,0.22073011100292206,4
45137,553202,0.22347036004066467,3
45138,553394,0.26236656308174133,5
45139,554094,0.21856577694416046,3
45140,554219,0.26326417922973633,5
45141,555121,0.26242563128471375,5
45142,555821,0.2235928177833557,3
45143,555978,0.22257348895072937,4
45144,556682,0.2229493260383606,4
45145,556800,0.22373589873313904,3
45146,557702,0.2647331953048706,5
45147,558406,0.2218199372291565,4
45148,559308,0.2638906240463257,5
45149,560210,0.26592156291007996,5
45150,560914,0.2326783388853073,4
45151,561614,0.2235928177833557,3
45152,562318,0.23219378292560577,4
45153,563220,0.2644765377044678,5
45154,563319,0.2318141609430313,4
45155,563506,0.2653367221355438,5
45156,563663,0.22347036004066467,3
45157,564565,0.2643530070781708,5
45158,564810,0.2653636336326599,5
45159,565510,0.2247837781906128,3
45160,566214,0.2326480895280838,4
45161,567116,0.264540433883667,5
45162,568018,0.2653636336326599,5
45163,568920,0.26527586579322815,5
45164,569084,0.26611337065696716,5
45165,569264,0.23227789998054504,4
45166,570166,0.2661035656929016,5
45167,570303,0.23190514743328094,4
45168,571003,0.22463248670101166,3
45169,571707,0.23144443333148956,4
45170,572609,0.2657850682735443,5
45171,573511,0.2648487985134125,5
45172,573669,0.2310812920331955,4
45173,574571,0.26456645131111145,5
45174,574668,0.2247837781906128,3
45175,574824,0.224783793091774,3
45176,575726,0.2636089324951172,5
45177,575851,0.26428353786468506,5
45178,575969,0.2307157665491104,4
45179,576149,0.224930539727211,3
45180,577051,0.2643812596797943,5
45181,577228,0.23034808039665222,4
45182,578130,0.26369988918304443,5
45183,578278,0.224930539727211,3
45184,578567,0.2643812596797943,5
45185,578697,0.2643812596797943,5
45186,578831,0.22915583848953247,4
45187,579535,0.22951844334602356,4
45188,580239,0.22834204137325287,4
45189,581141,0.26341456174850464,5
45190,582043,0.26608940958976746,5
45191,582743,0.22621892392635345,3
45192,583443,0.2247837781906128,3
45193,584345,0.2643819749355316,5
45194,584546,0.2650565505027771,5
45195,584710,0.22621892392635345,3
45196,584850,0.2279844433069229,4
45197,585752,0.26495954394340515,5
45198,585897,0.22762510180473328,4
45199,586799,0.26495954394340515,5
45200,587701,0.26427966356277466,5
45201,588603,0.2643735110759735,5
45202,589505,0.2643783688545227,5
45203,589659,0.224930539727211,3
45204,589805,0.22726410627365112,4
45205,589993,0.2643783688545227,5
45206,590089,0.22432063519954681,3
45207,590245,0.22432062029838562,3
45208,590405,0.26385194063186646,5
45209,590553,0.22432063519954681,3
45210,591455,0.2636650502681732,5
45211,592357,0.2633610665798187,5
45212,592512,0.22690162062644958,4
45213,592961,0.26397567987442017,5
45214,593084,0.26242199540138245,5
45215,593240,0.22432062029838562,3
45216,594142,0.2636514902114868,5
45217,594846,0.22612322866916656,4
45218,595546,0.22189581394195557,3
45219,595705,0.22576595842838287,4
45220,595869,0.22189581394195557,3
45221,596771,0.2617747485637665,5
45222,596964,0.2625425159931183,5
45223,597668,0.2266697734594345,4
45224,598570,0.2628105580806732,5
45225,599472,0.26509889960289,5
45226,599612,0.22632011771202087,4
45227,600514,0.26511067152023315,5
45228,600619,0.22189582884311676,3
45229,601521,0.2651951014995575,5
45230,602423,0.26366695761680603,5
45231,602589,0.22203604876995087,3
45232,603293,0.22810545563697815,4
45233,603993,0.22203604876995087,3
45234,604954,0.10206207633018494,6
45235,605915,0.125,6
45236,606876,0.25911131501197815,6
45237,607837,0.27271780371665955,6
45238,608798,0.30280086398124695,6
45239,608954,0.2277611941099167,4
45240,609856,0.2628763020038605,5
45241,610758,0.2628763020038605,5
45242,611660,0.26275399327278137,5
45243,612621,0.28876715898513794,6
45244,613582,0.2997394800186157,6
45245,614543,0.2868316173553467,6
45246,615504,0.2863546311855316,6
45247,616465,0.28697869181632996,6
45248,617426,0.28919339179992676,6
45249,617586,0.2274155616760254,4
45250,618547,0.276849627494812,6
45251,619508,0.2816748321056366,6
45252,620410,0.2633455693721771,5
45253,621371,0.27845054864883423,6
45254,622332,0.2697293162345886,6
45255,623293,0.25181132555007935,6
45256,624254,0.2642459273338318,6
45257,624445,0.2633455693721771,5
45258,625406,0.2575303018093109,6
45259,625587,0.2642654478549957,5
45260,625739,0.2757115662097931,6
45261,626700,0.26031455397605896,6
45262,627602,0.2636515200138092,5
45263,628504,0.26434144377708435,5
45264,629208,0.22667114436626434,4
45265,630169,0.2710798978805542,6
45266,631130,0.2666368782520294,6
45267,632032,0.26434144377708435,5
45268,632993,0.2720201313495636,6
45269,633895,0.26434749364852905,5
45270,634797,0.2643279433250427,5
45271,635699,0.2653213143348694,5
45272,636660,0.2667395770549774,6
45273,636791,0.22598816454410553,4
45274,636996,0.2263302505016327,4
45275,637162,0.22564496099948883,4
45276,638064,0.26849544048309326,5
45277,639025,0.2643028497695923,6
45278,639986,0.2635434865951538,6
45279,640888,0.2683091461658478,5
45280,641094,0.22530081868171692,4
45281,642055,0.268553763628006,6
45282,643016,0.2641471326351166,6
45283,643918,0.2679133415222168,5
45284,644879,0.2635560631752014,6
45285,645840,0.26478153467178345,6
45286,646205,0.2757643759250641,6
45287,647107,0.26649439334869385,5
45288,647387,0.2841426730155945,6
45289,648348,0.27486276626586914,6
45290,649309,0.2802831828594208,6
45291,649466,0.22495576739311218,4
45292,650427,0.2791305184364319,6
45293,651388,0.2780109643936157,6
45294,652349,0.27832522988319397,6
45295,653310,0.28083765506744385,6
45296,653451,0.22460994124412537,4
45297,654412,0.2820085287094116,6
45298,654518,0.22426337003707886,4
45299,655479,0.27855077385902405,6
45300,656381,0.26561418175697327,5
