train_episode,train_steps,percent_done,env
43751,44445,0.5,3
43752,44659,1.0,8
43753,44764,1.0,0
43754,44823,1.0,0
43755,44918,1.0,1
43756,45077,1.0,1
43757,45159,1.0,1
43758,45737,0.2857142857142857,1
43759,45841,1.0,0
43760,46802,0.5,6
43761,47868,0.3,8
43762,47940,1.0,0
43763,48516,0.5,0
43764,48698,1.0,0
43765,48859,1.0,0
43766,49435,0.6666666666666666,0
43767,49500,1.0,1
43768,49647,1.0,1
43769,50223,0.6666666666666666,0
43770,50304,1.0,0
43771,50444,1.0,1
43772,50540,1.0,0
43773,51116,0.6666666666666666,0
43774,51222,1.0,1
43775,51310,1.0,0
43776,51448,1.0,0
43777,51543,1.0,0
43778,51803,1.0,0
43779,51949,1.0,1
43780,52081,1.0,0
43781,52156,1.0,0
43782,52240,1.0,1
43783,52449,1.0,0
43784,53025,0.6666666666666666,0
43785,53092,1.0,1
43786,53200,1.0,1
43787,53778,0.5714285714285714,1
43788,53844,1.0,0
43789,53998,1.0,1
43790,54051,1.0,0
43791,54193,1.0,0
43792,54259,1.0,0
43793,54339,1.0,1
43794,54488,1.0,1
43795,55066,0.14285714285714285,1
43796,55157,1.0,1
43797,55735,0.42857142857142855,1
43798,55846,1.0,0
43799,55897,1.0,1
43800,55989,1.0,1
43801,56083,1.0,0
43802,56127,1.0,1
43803,56288,1.0,0
43804,56348,1.0,0
43805,56926,0.5714285714285714,1
43806,57069,1.0,1
43807,57189,1.0,0
43808,57239,1.0,1
43809,57317,1.0,1
43810,57462,1.0,1
43811,57546,1.0,1
43812,58122,0.3333333333333333,0
43813,58195,1.0,0
43814,58308,1.0,0
43815,58426,1.0,0
43816,58549,1.0,1
43817,58648,1.0,1
43818,58738,1.0,0
43819,58840,1.0,0
43820,58898,1.0,0
43821,58997,1.0,0
43822,59063,1.0,0
43823,59188,1.0,0
43824,59764,0.6666666666666666,0
43825,60342,0.8571428571428571,1
43826,60920,0.42857142857142855,1
43827,61102,1.0,0
43828,61219,1.0,0
43829,61380,1.0,0
43830,61486,1.0,0
43831,61541,1.0,0
43832,61646,1.0,1
43833,61752,1.0,0
43834,61829,1.0,0
43835,61934,1.0,0
43836,62080,1.0,1
43837,62186,1.0,0
43838,62255,1.0,1
43839,62833,0.5714285714285714,1
43840,62899,1.0,0
43841,62978,1.0,1
43842,63556,0.5714285714285714,1
43843,64134,0.5714285714285714,1
43844,64712,0.2857142857142857,1
43845,64810,1.0,1
43846,64883,1.0,0
43847,65044,1.0,1
43848,65622,0.8571428571428571,1
43849,65701,1.0,1
43850,65753,1.0,1
43851,65892,1.0,0
43852,65959,1.0,1
43853,66070,1.0,0
43854,66211,1.0,0
43855,66317,1.0,1
43856,66420,1.0,1
43857,66502,1.0,0
43858,66648,1.0,1
43859,66738,1.0,1
43860,66871,1.0,1
43861,67449,0.42857142857142855,1
43862,68025,0.3333333333333333,0
43863,68186,1.0,0
43864,68279,1.0,0
43865,68340,1.0,1
43866,68452,1.0,0
43867,68539,1.0,0
43868,68641,1.0,1
43869,68702,1.0,1
43870,68850,1.0,1
43871,69428,0.0,1
43872,69572,1.0,0
43873,70148,0.6666666666666666,0
43874,70253,1.0,0
43875,70831,0.8571428571428571,1
43876,70978,1.0,1
43877,71125,1.0,1
43878,71209,1.0,1
43879,71785,0.5,0
43880,72361,0.5,0
43881,72436,1.0,1
43882,72525,1.0,1
43883,72712,1.0,1
43884,72781,1.0,1
43885,72861,1.0,1
43886,72942,1.0,1
43887,73031,1.0,0
43888,73104,1.0,0
43889,73680,0.8333333333333334,0
43890,73739,1.0,1
43891,73881,1.0,0
43892,73988,1.0,1
43893,74033,1.0,0
43894,74122,1.0,1
43895,74227,1.0,0
43896,74321,1.0,1
43897,74897,0.6666666666666666,0
43898,74982,1.0,1
43899,75560,0.2857142857142857,1
43900,75630,1.0,0
43901,75779,1.0,1
43902,75851,1.0,0
43903,75934,1.0,0
43904,76077,1.0,0
43905,76184,1.0,1
43906,76762,0.5714285714285714,1
43907,76837,1.0,0
43908,76983,1.0,1
43909,77063,1.0,1
43910,77168,1.0,0
43911,77272,1.0,0
43912,77405,1.0,1
43913,77491,1.0,0
43914,77587,1.0,0
43915,77706,1.0,1
43916,77793,1.0,0
43917,77938,1.0,0
43918,78516,0.42857142857142855,1
43919,78660,1.0,1
43920,79238,0.5714285714285714,1
43921,79816,0.42857142857142855,1
43922,79946,1.0,1
43923,80020,1.0,0
43924,80184,1.0,0
43925,80237,1.0,1
43926,80352,1.0,0
43927,80463,1.0,1
43928,80544,1.0,1
43929,81122,0.5714285714285714,1
43930,81202,1.0,1
43931,81307,1.0,0
43932,81367,1.0,0
43933,81945,0.42857142857142855,1
43934,82023,1.0,1
43935,82168,1.0,1
43936,82254,1.0,1
43937,82358,1.0,0
43938,82433,1.0,0
43939,82505,1.0,1
43940,82666,1.0,0
43941,82821,1.0,0
43942,82967,1.0,1
43943,83050,1.0,1
43944,83179,1.0,1
43945,83755,0.8333333333333334,0
43946,83791,1.0,1
43947,83881,1.0,1
43948,84457,0.5,0
43949,84539,1.0,1
43950,84685,1.0,1
43951,84757,1.0,0
43952,84837,1.0,0
43953,84946,1.0,0
43954,85055,1.0,1
43955,85195,1.0,0
43956,85271,1.0,1
43957,85379,1.0,0
43958,85492,1.0,1
43959,85572,1.0,0
43960,85646,1.0,0
43961,85795,1.0,1
43962,85876,1.0,1
43963,85935,1.0,0
43964,86012,1.0,0
43965,86125,1.0,1
43966,86197,1.0,0
43967,86271,1.0,1
43968,86415,1.0,1
43969,86474,1.0,1
43970,86579,1.0,0
43971,86636,1.0,0
43972,86798,1.0,0
43973,87376,0.7142857142857143,1
43974,87954,0.42857142857142855,1
43975,88028,1.0,0
43976,88100,1.0,1
43977,88244,1.0,1
43978,88357,1.0,0
43979,88455,1.0,0
43980,88528,1.0,1
43981,88673,1.0,0
43982,88763,1.0,0
43983,88823,1.0,0
43984,88909,1.0,1
43985,89009,1.0,0
43986,89218,1.0,0
43987,89794,0.8333333333333334,0
43988,89870,1.0,1
43989,89947,1.0,0
43990,90033,1.0,0
43991,90139,1.0,0
43992,90213,1.0,0
43993,90368,1.0,0
43994,90514,1.0,1
43995,90596,1.0,1
43996,90782,1.0,0
43997,90861,1.0,1
43998,91086,1.0,1
43999,91247,1.0,0
44000,91342,1.0,0
44001,91397,1.0,1
44002,91502,1.0,1
44003,91561,1.0,0
44004,91708,1.0,1
44005,91813,1.0,0
44006,91884,1.0,0
44007,92462,0.7142857142857143,1
44008,93040,0.14285714285714285,1
44009,93143,1.0,0
44010,93283,1.0,0
44011,93353,1.0,0
44012,93406,1.0,1
44013,93485,1.0,0
44014,93522,1.0,1
44015,93670,1.0,1
44016,93820,1.0,1
44017,93891,1.0,1
44018,93986,1.0,1
44019,94109,1.0,1
44020,94205,1.0,1
44021,94302,1.0,1
44022,94444,1.0,0
44023,94515,1.0,0
44024,94656,1.0,1
44025,94735,1.0,0
44026,94796,1.0,0
44027,94901,1.0,0
44028,95006,1.0,1
44029,95092,1.0,1
44030,95241,1.0,1
44031,95323,1.0,0
44032,95385,1.0,0
44033,95497,1.0,0
44034,95576,1.0,1
44035,95720,1.0,0
44036,96298,0.5714285714285714,1
44037,96356,1.0,0
44038,96500,1.0,1
44039,96573,1.0,0
44040,97151,0.14285714285714285,1
44041,97217,1.0,0
44042,97379,1.0,0
44043,97506,1.0,1
44044,97556,1.0,1
44045,97637,1.0,1
44046,97730,1.0,0
44047,97791,1.0,0
44048,97880,1.0,1
44049,98026,1.0,1
44050,98077,1.0,0
44051,98187,1.0,0
44052,98245,1.0,1
44053,98821,0.6666666666666666,0
44054,98881,1.0,0
44055,98989,1.0,1
44056,99088,1.0,0
44057,99203,1.0,3
44058,99286,1.0,2
44059,99450,1.0,2
44060,99599,1.0,3
44061,99693,1.0,2
44062,99838,1.0,1
44063,99944,1.0,1
44064,100644,0.7,3
44065,100793,1.0,3
44066,100950,1.0,3
44067,101650,0.6,3
44068,101786,1.0,3
44069,101907,1.0,3
44070,102568,0.75,2
44071,102703,1.0,3
44072,102869,1.0,2
44073,102974,1.0,1
44074,103123,1.0,3
44075,103784,0.75,2
44076,104445,0.625,2
44077,105023,0.2857142857142857,1
44078,105116,1.0,3
44079,105246,1.0,3
44080,105402,1.0,3
44081,105500,1.0,3
44082,105626,1.0,1
44083,105751,1.0,3
44084,105855,1.0,3
44085,106012,1.0,2
44086,106129,1.0,3
44087,106231,1.0,2
44088,106360,1.0,3
44089,106420,1.0,1
44090,106564,1.0,1
44091,107264,0.8,3
44092,107964,0.3,3
44093,108121,1.0,3
44094,108226,1.0,1
44095,108887,0.625,2
44096,109025,1.0,1
44097,109147,1.0,3
44098,109294,1.0,3
44099,109404,1.0,3
44100,109567,1.0,2
44101,109676,1.0,3
44102,110337,0.75,2
44103,110494,1.0,3
44104,110599,1.0,1
44105,111299,0.3,3
44106,111426,1.0,1
44107,111551,1.0,2
44108,111673,1.0,3
44109,111770,1.0,3
44110,111907,1.0,3
44111,112103,1.0,3
44112,112803,0.8,3
44113,113464,0.75,2
44114,113611,1.0,1
44115,114311,0.8,3
44116,114404,1.0,3
44117,115104,0.7,3
44118,115804,0.8,3
44119,115914,1.0,3
44120,116010,1.0,2
44121,116710,0.6,3
44122,116876,1.0,2
44123,117537,0.75,2
44124,117693,1.0,3
44125,118393,0.3,3
44126,119093,0.6,3
44127,119259,1.0,2
44128,119370,1.0,1
44129,119465,1.0,2
44130,119548,1.0,1
44131,120209,0.375,2
44132,120301,1.0,3
44133,120467,1.0,3
44134,121167,0.6,3
44135,121828,0.5,2
44136,122528,0.7,3
44137,122614,1.0,1
44138,122696,1.0,3
44139,123357,0.625,2
44140,123464,1.0,3
44141,123629,1.0,3
44142,123774,1.0,1
44143,123896,1.0,1
44144,124030,1.0,1
44145,124730,0.6,3
44146,124896,1.0,2
44147,125596,0.4,3
44148,126296,0.8,3
44149,126460,1.0,1
44150,127160,0.8,3
44151,127279,1.0,3
44152,127450,1.0,3
44153,128150,0.7,3
44154,128236,1.0,3
44155,128356,1.0,3
44156,128455,1.0,2
44157,128621,1.0,2
44158,129321,0.4,3
44159,129497,1.0,3
44160,129643,1.0,1
44161,129767,1.0,1
44162,130428,0.375,2
44163,130564,1.0,1
44164,131225,0.375,2
44165,131320,1.0,3
44166,131476,1.0,3
44167,132176,0.4,3
44168,132345,1.0,3
44169,133045,0.2,3
44170,133193,1.0,1
44171,133344,1.0,1
44172,133922,0.7142857142857143,1
44173,134091,1.0,3
44174,134253,1.0,3
44175,134914,0.75,2
44176,135010,1.0,3
44177,135116,1.0,1
44178,135262,1.0,1
44179,135383,1.0,1
44180,135493,1.0,3
44181,135656,1.0,2
44182,135826,1.0,3
44183,135922,1.0,3
44184,136023,1.0,2
44185,136135,1.0,1
44186,136251,1.0,2
44187,136951,0.8,3
44188,137612,0.75,2
44189,138312,0.6,3
44190,138394,1.0,1
44191,138574,1.0,1
44192,138743,1.0,3
44193,138901,1.0,3
44194,139057,1.0,3
44195,139757,0.6,3
44196,139921,1.0,2
44197,140582,0.375,2
44198,140719,1.0,2
44199,141380,0.75,2
44200,142041,0.875,2
44201,142741,0.3,3
44202,142831,1.0,2
44203,142998,1.0,3
44204,143144,1.0,1
44205,143292,1.0,3
44206,143992,0.7,3
44207,144162,1.0,2
44208,144249,1.0,2
44209,144349,1.0,3
44210,144464,1.0,3
44211,144547,1.0,3
44212,145208,0.375,2
44213,145786,0.7142857142857143,1
44214,146486,0.7,3
44215,146598,1.0,3
44216,146745,1.0,2
44217,146852,1.0,2
44218,146949,1.0,2
44219,147069,1.0,1
44220,147188,1.0,3
44221,147340,1.0,3
44222,147482,1.0,3
44223,147566,1.0,2
44224,147790,1.0,2
44225,147888,1.0,2
44226,148013,1.0,1
44227,148158,1.0,1
44228,148257,1.0,1
44229,148416,1.0,3
44230,148523,1.0,3
44231,149184,0.375,2
44232,149281,1.0,2
44233,149445,1.0,2
44234,150145,0.7,3
44235,150241,1.0,3
44236,150388,1.0,1
44237,150570,1.0,3
44238,150628,1.0,1
44239,150793,1.0,2
44240,150874,1.0,3
44241,150983,1.0,1
44242,151140,1.0,3
44243,151718,0.5714285714285714,1
44244,151868,1.0,3
44245,151993,1.0,3
44246,152101,1.0,3
44247,152213,1.0,1
44248,152913,0.7,3
44249,152975,1.0,1
44250,153120,1.0,1
44251,153186,1.0,1
44252,153279,1.0,2
44253,153419,1.0,3
44254,153576,1.0,3
44255,153741,1.0,2
44256,154402,0.625,2
44257,154548,1.0,1
44258,155209,0.625,2
44259,155367,1.0,3
44260,156067,0.4,3
44261,156177,1.0,2
44262,156342,1.0,2
44263,156472,1.0,3
44264,157050,0.7142857142857143,1
44265,157628,0.2857142857142857,1
44266,157727,1.0,2
44267,157852,1.0,2
44268,158552,0.8,3
44269,158645,1.0,3
44270,158740,1.0,3
44271,159440,0.8,3
44272,159605,1.0,3
44273,160305,0.8,3
44274,160392,1.0,2
44275,161092,0.6,3
44276,161670,0.42857142857142855,1
44277,162370,0.7,3
44278,162500,1.0,2
44279,162611,1.0,2
44280,162685,1.0,2
44281,163263,0.2857142857142857,1
44282,163409,1.0,1
44283,163507,1.0,3
44284,163630,1.0,2
44285,163799,1.0,3
44286,163928,1.0,3
44287,164097,1.0,3
44288,164797,0.7,3
44289,164908,1.0,3
44290,165032,1.0,2
44291,165693,0.75,2
44292,165842,1.0,3
44293,166012,1.0,2
44294,166111,1.0,3
44295,166273,1.0,3
44296,166973,0.8,3
44297,167673,0.8,3
44298,167837,1.0,3
44299,168498,0.75,2
44300,168622,1.0,3
44301,169322,0.6,3
44302,169428,1.0,1
44303,169537,1.0,2
44304,169657,1.0,3
44305,169743,1.0,1
44306,169887,1.0,3
44307,170053,1.0,2
44308,170216,1.0,3
44309,170877,0.625,2
44310,170986,1.0,1
44311,171647,0.375,2
44312,172347,0.8,3
44313,172515,1.0,3
44314,172616,1.0,3
44315,173277,0.5,2
44316,173443,1.0,2
44317,173506,1.0,1
44318,173705,1.0,3
44319,174405,0.5,3
44320,174492,1.0,2
44321,174600,1.0,3
44322,175300,0.8,3
44323,175878,0.14285714285714285,1
44324,175937,1.0,1
44325,176598,0.375,2
44326,176692,1.0,3
44327,176794,1.0,2
44328,177494,0.5,3
44329,178194,0.7,3
44330,178360,1.0,2
44331,178466,1.0,3
44332,178562,1.0,2
44333,178712,1.0,1
44334,179412,0.8,3
44335,180112,0.3,3
44336,180812,0.8,3
44337,180940,1.0,2
44338,181082,1.0,3
44339,181782,0.8,3
44340,181862,1.0,1
44341,181976,1.0,1
44342,182080,1.0,2
44343,182226,1.0,1
44344,182288,1.0,1
44345,182421,1.0,1
44346,182523,1.0,2
44347,183223,0.6,3
44348,183351,1.0,3
44349,183929,0.5714285714285714,1
44350,184629,0.8,3
44351,185290,0.75,2
44352,185868,0.5714285714285714,1
44353,186568,0.8,3
44354,186733,1.0,2
44355,186841,1.0,3
44356,186930,1.0,3
44357,187060,1.0,3
44358,187216,1.0,3
44359,187308,1.0,3
44360,187434,1.0,1
44361,187543,1.0,3
44362,187687,1.0,1
44363,187777,1.0,3
44364,187929,1.0,3
44365,188629,0.7,3
44366,189329,0.8,3
44367,189426,1.0,2
44368,190087,0.625,2
44369,190147,1.0,1
44370,190240,1.0,3
44371,190386,1.0,1
44372,190484,1.0,3
44373,190617,1.0,3
44374,190782,1.0,2
44375,190913,1.0,2
44376,191050,1.0,3
44377,191159,1.0,1
44378,191280,1.0,1
44379,191980,0.8,3
44380,192110,1.0,2
44381,192810,0.6,3
44382,192977,1.0,3
44383,193677,0.8,3
44384,193819,1.0,1
44385,193911,1.0,3
44386,193972,1.0,1
44387,194057,1.0,2
44388,194218,1.0,3
44389,194366,1.0,1
44390,194474,1.0,3
44391,194623,1.0,3
44392,194722,1.0,3
44393,194812,1.0,1
44394,194901,1.0,3
44395,195024,1.0,2
44396,195130,1.0,3
44397,195300,1.0,2
44398,195367,1.0,2
44399,195554,1.0,2
44400,195677,1.0,3
44401,195762,1.0,2
44402,195827,1.0,1
44403,196488,0.5,2
44404,196562,1.0,2
44405,197223,0.75,2
44406,197383,1.0,2
44407,197556,1.0,1
44408,197652,1.0,3
44409,198352,0.7,3
44410,198511,1.0,3
44411,199211,0.8,3
44412,199872,0.125,2
44413,200082,1.0,3
44414,200782,0.7,3
44415,200937,1.0,3
44416,201082,1.0,3
44417,201157,1.0,1
44418,201248,1.0,3
44419,201948,0.8,3
44420,202061,1.0,1
44421,202225,1.0,3
44422,202925,0.8,3
44423,203046,1.0,3
44424,203746,0.8,3
44425,203868,1.0,2
44426,204062,1.0,3
44427,204132,1.0,2
44428,204832,0.5,3
44429,204912,1.0,2
44430,205573,0.5,2
44431,206234,0.75,2
44432,206292,1.0,1
44433,206953,0.25,2
44434,207099,1.0,3
44435,207199,1.0,3
44436,207321,1.0,1
44437,207379,1.0,1
44438,207483,1.0,1
44439,208183,0.6,3
44440,208309,1.0,2
44441,208406,1.0,3
44442,208501,1.0,3
44443,208692,1.0,3
44444,209392,0.4,3
44445,210053,0.875,2
44446,210198,1.0,1
44447,210859,0.75,2
44448,210973,1.0,3
44449,211130,1.0,3
44450,211225,1.0,2
44451,211319,1.0,3
44452,211445,1.0,2
44453,211531,1.0,2
44454,211653,1.0,3
44455,212314,0.625,2
44456,213014,0.8,3
44457,213159,1.0,1
44458,213311,1.0,3
44459,213457,1.0,3
44460,213572,1.0,1
44461,213699,1.0,3
44462,213758,1.0,1
44463,213914,1.0,3
44464,214614,0.7,3
44465,214766,1.0,3
44466,215427,0.75,2
44467,215554,1.0,1
44468,215722,1.0,2
44469,215801,1.0,1
44470,215963,1.0,3
44471,216110,1.0,3
44472,216215,1.0,1
44473,216394,1.0,3
44474,217094,0.4,3
44475,217218,1.0,2
44476,217918,0.5,3
44477,218038,1.0,1
44478,218147,1.0,1
44479,218310,1.0,2
44480,218403,1.0,2
44481,218548,1.0,3
44482,218669,1.0,2
44483,218816,1.0,1
44484,218947,1.0,1
44485,219059,1.0,3
44486,219226,1.0,2
44487,219385,1.0,3
44488,219480,1.0,3
44489,220141,0.75,2
44490,220246,1.0,1
44491,220314,1.0,1
44492,220479,1.0,3
44493,220605,1.0,2
44494,220708,1.0,3
44495,220868,1.0,1
44496,221568,0.3,3
44497,221760,1.0,3
44498,221925,1.0,2
44499,222625,0.1,3
44500,223325,0.8,3
44501,223463,1.0,1
44502,223616,1.0,2
44503,223694,1.0,3
44504,223793,1.0,2
44505,223924,1.0,2
44506,224022,1.0,2
44507,224120,1.0,2
44508,224219,1.0,3
44509,224385,1.0,3
44510,225046,0.625,2
44511,225146,1.0,3
44512,225303,1.0,3
44513,225394,1.0,3
44514,225511,1.0,3
44515,225667,1.0,2
44516,225728,1.0,1
44517,226389,0.25,2
44518,226499,1.0,1
44519,227199,0.8,3
44520,227278,1.0,1
44521,227424,1.0,1
44522,228124,0.3,3
44523,228223,1.0,2
44524,228336,1.0,3
44525,228470,1.0,1
44526,228609,1.0,1
44527,228779,1.0,2
44528,228870,1.0,3
44529,229531,0.75,2
44530,229678,1.0,1
44531,230339,0.25,2
44532,230917,0.5714285714285714,1
44533,231146,1.0,2
44534,231807,0.625,2
44535,232468,0.625,2
44536,233129,0.625,2
44537,233255,1.0,1
44538,233347,1.0,3
44539,233509,1.0,3
44540,233591,1.0,2
44541,233721,1.0,2
44542,233848,1.0,3
44543,233980,1.0,1
44544,234125,1.0,1
44545,234183,1.0,1
44546,234329,1.0,3
44547,234429,1.0,3
44548,234537,1.0,3
44549,235115,0.5714285714285714,1
44550,235253,1.0,1
44551,235314,1.0,1
44552,235477,1.0,2
44553,236177,0.3,3
44554,236281,1.0,2
44555,236428,1.0,1
44556,236525,1.0,2
44557,236584,1.0,1
44558,236731,1.0,3
44559,236896,1.0,2
44560,236991,1.0,2
44561,237092,1.0,3
44562,237203,1.0,1
44563,237286,1.0,2
44564,237432,1.0,1
44565,237496,1.0,1
44566,237643,1.0,3
44567,238304,0.625,2
44568,238469,1.0,2
44569,238566,1.0,1
44570,238685,1.0,1
44571,238782,1.0,3
44572,238866,1.0,1
44573,238965,1.0,2
44574,239083,1.0,4
44575,239783,0.7,3
44576,240487,0.8333333333333334,4
44577,241187,0.7,3
44578,242089,0.5714285714285714,5
44579,242991,0.5,5
44580,243153,1.0,4
44581,243857,0.75,4
44582,244028,1.0,4
44583,244186,1.0,3
44584,245088,0.5,5
44585,245242,1.0,3
44586,246144,0.5714285714285714,5
44587,246271,1.0,5
44588,247173,0.6428571428571429,5
44589,248075,0.42857142857142855,5
44590,248977,0.7857142857142857,5
44591,249879,0.5714285714285714,5
44592,250011,1.0,5
44593,250275,1.0,5
44594,250470,1.0,5
44595,251170,0.7,3
44596,252072,0.5714285714285714,5
44597,252974,0.8571428571428571,5
44598,253678,0.75,4
44599,253791,1.0,3
44600,253981,1.0,5
44601,254883,0.5,5
44602,255583,0.4,3
44603,255763,1.0,4
44604,255904,1.0,3
44605,256806,0.5714285714285714,5
44606,257506,0.8,3
44607,258408,0.5714285714285714,5
44608,259310,0.5714285714285714,5
44609,260212,0.5,5
44610,261114,0.5714285714285714,5
44611,261209,1.0,3
44612,262111,0.8571428571428571,5
44613,262811,0.8,3
44614,263713,0.21428571428571427,5
44615,264615,0.8571428571428571,5
44616,265517,0.42857142857142855,5
44617,265681,1.0,4
44618,265782,1.0,4
44619,265977,1.0,5
44620,266879,0.21428571428571427,5
44621,267781,0.5714285714285714,5
44622,268485,0.75,4
44623,269387,0.6428571428571429,5
44624,270289,0.7142857142857143,5
44625,271191,0.14285714285714285,5
44626,272093,0.2857142857142857,5
44627,272995,0.5714285714285714,5
44628,273897,0.42857142857142855,5
44629,274597,0.7,3
44630,275499,0.8571428571428571,5
44631,275638,1.0,3
44632,275793,1.0,4
44633,275889,1.0,3
44634,276023,1.0,3
44635,276180,1.0,3
44636,276290,1.0,3
44637,277192,0.7857142857142857,5
44638,277318,1.0,3
44639,278022,0.4166666666666667,4
44640,278924,0.6428571428571429,5
44641,279624,0.6,3
44642,280328,0.8333333333333334,4
44643,281028,0.7,3
44644,281266,1.0,5
44645,282168,0.6428571428571429,5
44646,282346,1.0,3
44647,283248,0.42857142857142855,5
44648,284150,0.5,5
44649,284383,1.0,5
44650,285285,0.2857142857142857,5
44651,285462,1.0,4
44652,286364,0.7142857142857143,5
44653,286521,1.0,3
44654,286648,1.0,3
44655,287550,0.42857142857142855,5
44656,288452,0.7142857142857143,5
44657,288620,1.0,4
44658,289522,0.5,5
44659,290424,0.35714285714285715,5
44660,290580,1.0,3
44661,291482,0.7857142857142857,5
44662,292384,0.35714285714285715,5
44663,293084,0.5,3
44664,293986,0.35714285714285715,5
44665,294888,0.21428571428571427,5
44666,295790,0.8571428571428571,5
44667,296692,0.6428571428571429,5
44668,297594,0.8571428571428571,5
44669,298496,0.5,5
44670,299398,0.7142857142857143,5
44671,300300,0.42857142857142855,5
44672,301202,0.7857142857142857,5
44673,301902,0.4,3
44674,302059,1.0,4
44675,302961,0.7857142857142857,5
44676,303121,1.0,3
44677,304023,0.7857142857142857,5
44678,304174,1.0,3
44679,305076,0.8571428571428571,5
44680,305776,0.7,3
44681,305967,1.0,5
44682,306869,0.42857142857142855,5
44683,307011,1.0,4
44684,307133,1.0,5
44685,307232,1.0,3
44686,308134,0.8571428571428571,5
44687,308834,0.7,3
44688,309026,1.0,5
44689,309726,0.8,3
44690,310628,0.5714285714285714,5
44691,310721,1.0,3
44692,311623,0.7857142857142857,5
44693,311750,1.0,4
44694,312652,0.7142857142857143,5
44695,313352,0.0,3
44696,314254,0.42857142857142855,5
44697,315156,0.8571428571428571,5
44698,316058,0.6428571428571429,5
44699,316960,0.42857142857142855,5
44700,317664,0.5833333333333334,4
44701,318566,0.42857142857142855,5
44702,319270,0.3333333333333333,4
44703,319462,1.0,5
44704,320364,0.5,5
44705,320482,1.0,4
44706,320640,1.0,4
44707,321542,0.42857142857142855,5
44708,322444,0.07142857142857142,5
44709,322694,1.0,5
44710,323398,0.75,4
44711,324300,0.6428571428571429,5
44712,325202,0.5,5
44713,325361,1.0,3
44714,325555,1.0,5
44715,326457,0.6428571428571429,5
44716,326562,1.0,3
44717,326808,1.0,5
44718,327710,0.5,5
44719,328612,0.2857142857142857,5
44720,329514,0.2857142857142857,5
44721,329798,1.0,5
44722,330700,0.42857142857142855,5
44723,330891,1.0,5
44724,331056,1.0,3
44725,331958,0.5,5
44726,332658,0.8,3
44727,333560,0.35714285714285715,5
44728,334462,0.7142857142857143,5
44729,335364,0.42857142857142855,5
44730,335492,1.0,4
44731,335664,1.0,4
44732,336566,0.2857142857142857,5
44733,337468,0.07142857142857142,5
44734,338370,0.8571428571428571,5
44735,339074,0.6666666666666666,4
44736,339976,0.5,5
44737,340680,0.5,4
44738,340864,1.0,5
44739,341024,1.0,3
44740,341728,0.5833333333333334,4
44741,342630,0.8571428571428571,5
44742,343532,0.42857142857142855,5
44743,344434,0.5714285714285714,5
44744,344596,1.0,4
44745,345498,0.6428571428571429,5
44746,345828,1.0,5
44747,346730,0.5,5
44748,346873,1.0,5
44749,347032,1.0,3
44750,347223,1.0,3
44751,348125,0.35714285714285715,5
44752,349027,0.35714285714285715,5
44753,349727,0.7,3
44754,349842,1.0,3
44755,349972,1.0,3
44756,350130,1.0,4
44757,350834,0.6666666666666666,4
44758,350996,1.0,3
44759,351898,0.2857142857142857,5
44760,352089,1.0,5
44761,352250,1.0,4
44762,352390,1.0,4
44763,353292,0.42857142857142855,5
44764,354194,0.5714285714285714,5
44765,354894,0.4,3
44766,355594,0.5,3
44767,355795,1.0,5
44768,355932,1.0,3
44769,356096,1.0,4
44770,356998,0.6428571428571429,5
44771,357094,1.0,3
44772,357218,1.0,4
44773,357400,1.0,4
44774,358302,0.21428571428571427,5
44775,359204,0.35714285714285715,5
44776,360106,0.7857142857142857,5
44777,361008,0.7857142857142857,5
44778,361147,1.0,4
44779,362049,0.5714285714285714,5
44780,362951,0.5,5
44781,363853,0.7857142857142857,5
44782,363953,1.0,3
44783,364082,1.0,3
44784,364984,0.7857142857142857,5
44785,365684,0.4,3
44786,365828,1.0,4
44787,365993,1.0,3
44788,366895,0.6428571428571429,5
44789,367599,0.8333333333333334,4
44790,367791,1.0,5
44791,368491,0.8,3
44792,368649,1.0,5
44793,368812,1.0,5
44794,368980,1.0,4
44795,369882,0.8571428571428571,5
44796,370582,0.6,3
44797,370742,1.0,4
44798,371644,0.8571428571428571,5
44799,372546,0.6428571428571429,5
44800,372653,1.0,3
44801,372809,1.0,5
44802,373711,0.5,5
44803,373860,1.0,5
44804,373992,1.0,5
44805,374894,0.7142857142857143,5
44806,375796,0.21428571428571427,5
44807,376698,0.8571428571428571,5
44808,377600,0.35714285714285715,5
44809,377710,1.0,3
44810,378612,0.5714285714285714,5
44811,379312,0.6,3
44812,379411,1.0,3
44813,380313,0.42857142857142855,5
44814,380478,1.0,3
44815,381380,0.7857142857142857,5
44816,382282,0.6428571428571429,5
44817,382469,1.0,5
44818,382630,1.0,3
44819,383532,0.2857142857142857,5
44820,384434,0.8571428571428571,5
44821,385138,0.5833333333333334,4
44822,386040,0.5,5
44823,386136,1.0,3
44824,387038,0.5,5
44825,387184,1.0,3
44826,388086,0.5,5
44827,388326,1.0,5
44828,389228,0.21428571428571427,5
44829,390130,0.5714285714285714,5
44830,391032,0.9285714285714286,5
44831,391736,0.5,4
44832,392638,0.7857142857142857,5
44833,393540,0.7142857142857143,5
44834,394240,0.8,3
44835,395142,0.7142857142857143,5
44836,395337,1.0,5
44837,395493,1.0,4
44838,396395,0.2857142857142857,5
44839,397297,0.5714285714285714,5
44840,398199,0.5,5
44841,398299,1.0,3
44842,398485,1.0,5
44843,398647,1.0,3
44844,398878,1.0,5
44845,399578,0.4,3
44846,400282,0.5833333333333334,4
44847,400986,0.3333333333333333,4
44848,401690,0.6666666666666666,4
44849,402592,0.6428571428571429,5
44850,403292,0.8,3
44851,403996,0.4166666666666667,4
44852,404181,1.0,5
44853,404885,0.8333333333333334,4
44854,405585,0.6,3
44855,406289,0.3333333333333333,4
44856,406993,0.6666666666666666,4
44857,407895,0.5,5
44858,408599,0.8333333333333334,4
44859,408745,1.0,3
44860,409445,0.9,3
44861,410347,0.21428571428571427,5
44862,411047,0.2,3
44863,411949,0.7142857142857143,5
44864,412851,0.5714285714285714,5
44865,412963,1.0,3
44866,413663,0.8,3
44867,414363,0.6,3
44868,414503,1.0,4
44869,415207,0.4166666666666667,4
44870,415911,0.8333333333333334,4
44871,416813,0.7142857142857143,5
44872,417517,0.5833333333333334,4
44873,418419,0.5,5
44874,418533,1.0,3
44875,419237,0.5,4
44876,419378,1.0,4
44877,419535,1.0,5
44878,420437,0.8571428571428571,5
44879,420609,1.0,5
44880,421313,0.5833333333333334,4
44881,421408,1.0,3
44882,422310,0.2857142857142857,5
44883,423014,0.4166666666666667,4
44884,423159,1.0,3
44885,424061,0.8571428571428571,5
44886,424765,0.75,4
44887,425465,0.5,3
44888,426165,0.7,3
44889,426301,1.0,4
44890,426461,1.0,3
44891,427363,0.7142857142857143,5
44892,428063,0.8,3
44893,428965,0.5,5
44894,429115,1.0,4
44895,429815,0.6,3
44896,429978,1.0,4
44897,430678,0.5,3
44898,430806,1.0,3
44899,430943,1.0,4
44900,431107,1.0,5
44901,431811,0.6666666666666666,4
44902,432007,1.0,5
44903,432190,1.0,5
44904,432435,1.0,5
44905,433337,0.5,5
44906,434041,0.75,4
44907,434247,1.0,4
44908,435149,0.5,5
44909,436051,0.8571428571428571,5
44910,436207,1.0,3
44911,436371,1.0,5
44912,437273,0.6428571428571429,5
44913,437395,1.0,4
44914,437550,1.0,4
44915,438452,0.35714285714285715,5
44916,439152,0.7,3
44917,440054,0.21428571428571427,5
44918,440148,1.0,3
44919,441050,0.14285714285714285,5
44920,441211,1.0,4
44921,441371,1.0,5
44922,442273,0.5,5
44923,443175,0.5,5
44924,444077,0.2857142857142857,5
44925,444979,0.35714285714285715,5
44926,445683,0.5833333333333334,4
44927,446387,0.5,4
44928,446547,1.0,3
44929,447449,0.42857142857142855,5
44930,448351,0.14285714285714285,5
44931,449055,0.6666666666666666,4
44932,449172,1.0,4
44933,450074,0.5,5
44934,450976,0.6428571428571429,5
44935,451878,0.7142857142857143,5
44936,452012,1.0,5
44937,452914,0.7142857142857143,5
44938,453031,1.0,4
44939,453233,1.0,5
44940,454135,0.42857142857142855,5
44941,455037,0.7142857142857143,5
44942,455939,0.42857142857142855,5
44943,456841,0.42857142857142855,5
44944,456995,1.0,4
44945,457897,0.7142857142857143,5
44946,458096,1.0,5
44947,458243,1.0,3
44948,459145,0.5714285714285714,5
44949,459849,0.8333333333333334,4
44950,460751,0.5,5
44951,461653,0.6428571428571429,5
44952,462555,0.7142857142857143,5
44953,463457,0.5714285714285714,5
44954,463589,1.0,5
44955,463729,1.0,4
44956,464631,0.5,5
44957,465533,0.5714285714285714,5
44958,466435,0.35714285714285715,5
44959,467337,0.35714285714285715,5
44960,468041,0.5833333333333334,4
44961,468129,1.0,3
44962,469031,0.7142857142857143,5
44963,469735,0.4166666666666667,4
44964,470637,0.7142857142857143,5
44965,470780,1.0,4
44966,470934,1.0,3
44967,471836,0.35714285714285715,5
44968,472024,1.0,5
44969,472926,0.5,5
44970,473168,1.0,5
44971,473326,1.0,4
44972,474228,0.5,5
44973,475130,0.21428571428571427,5
44974,476032,0.5,5
44975,476202,1.0,3
44976,477104,0.2857142857142857,5
44977,477260,1.0,3
44978,477387,1.0,3
44979,477624,1.0,5
44980,477771,1.0,5
44981,477958,1.0,3
44982,478115,1.0,4
44983,478815,0.7,3
44984,478934,1.0,3
44985,479091,1.0,5
44986,479993,0.5,5
44987,480163,1.0,4
44988,480863,0.2,3
44989,481022,1.0,3
44990,481726,0.5,4
44991,481884,1.0,4
44992,482020,1.0,4
44993,482922,0.7857142857142857,5
44994,483079,1.0,5
44995,483219,1.0,4
44996,484121,0.8571428571428571,5
44997,485023,0.5714285714285714,5
44998,485723,0.5,3
44999,486625,0.7142857142857143,5
45000,486766,1.0,4
45001,486956,1.0,4
45002,487172,1.0,5
45003,487369,1.0,5
45004,487510,1.0,4
45005,488412,0.35714285714285715,5
45006,488607,1.0,5
45007,489307,0.6,3
45008,489463,1.0,4
45009,489653,1.0,5
45010,489771,1.0,4
45011,490673,0.42857142857142855,5
45012,490884,1.0,4
45013,491065,1.0,5
45014,491223,1.0,4
45015,492125,0.5,5
45016,492258,1.0,4
45017,492431,1.0,4
45018,492590,1.0,4
45019,492710,1.0,4
45020,492862,1.0,3
45021,493764,0.5,5
45022,493965,1.0,4
45023,494137,1.0,3
45024,494325,1.0,5
45025,495227,0.5714285714285714,5
45026,495376,1.0,3
45027,496278,0.8571428571428571,5
45028,497180,0.35714285714285715,5
45029,497359,1.0,4
45030,497480,1.0,5
45031,498382,0.21428571428571427,5
45032,499284,0.5,5
45033,499379,1.0,3
45034,500281,0.2857142857142857,5
45035,500414,1.0,5
45036,501316,0.2857142857142857,5
45037,502218,0.5,5
45038,502323,1.0,3
45039,503225,0.5714285714285714,5
45040,504127,0.42857142857142855,5
45041,504281,1.0,5
45042,504445,1.0,3
45043,505347,0.6428571428571429,5
45044,506051,0.8333333333333334,4
45045,506953,0.6428571428571429,5
45046,507855,0.5714285714285714,5
45047,508757,0.7857142857142857,5
45048,509659,0.7142857142857143,5
45049,510363,0.8333333333333334,4
45050,510453,1.0,3
45051,510618,1.0,3
45052,510780,1.0,3
45053,510924,1.0,4
45054,511826,0.35714285714285715,5
45055,512728,0.6428571428571429,5
45056,512892,1.0,5
45057,513794,0.2857142857142857,5
45058,514110,1.0,5
45059,515012,0.7857142857142857,5
45060,515914,0.35714285714285715,5
45061,516053,1.0,5
45062,516955,0.8571428571428571,5
45063,517143,1.0,5
45064,517343,1.0,5
45065,518245,0.6428571428571429,5
45066,518945,0.8,3
45067,519107,1.0,3
45068,519807,0.4,3
45069,519968,1.0,3
45070,520128,1.0,5
45071,521030,0.42857142857142855,5
45072,521730,0.7,3
45073,521886,1.0,4
45074,522300,1.0,5
45075,523202,0.8571428571428571,5
45076,523330,1.0,3
45077,523567,1.0,5
45078,524469,0.42857142857142855,5
45079,525371,0.8571428571428571,5
45080,525534,1.0,3
45081,525689,1.0,4
45082,526591,0.35714285714285715,5
45083,526747,1.0,3
45084,527649,0.7142857142857143,5
45085,528551,0.07142857142857142,5
45086,529453,0.7142857142857143,5
45087,530355,0.35714285714285715,5
45088,530462,1.0,3
45089,531364,0.2857142857142857,5
45090,531456,1.0,3
45091,531585,1.0,5
45092,532289,0.8333333333333334,4
45093,532993,0.8333333333333334,4
45094,533697,0.5833333333333334,4
45095,533885,1.0,5
45096,534042,1.0,5
45097,534944,0.7142857142857143,5
45098,535097,1.0,5
45099,535801,0.4166666666666667,4
45100,535940,1.0,4
45101,536842,0.5,5
45102,536999,1.0,3
45103,537901,0.42857142857142855,5
45104,538098,1.0,5
45105,538213,1.0,3
45106,538302,1.0,3
45107,539006,0.16666666666666666,4
45108,539908,0.42857142857142855,5
45109,540810,0.42857142857142855,5
45110,541712,0.7857142857142857,5
45111,542614,0.6428571428571429,5
45112,542751,1.0,5
45113,542964,1.0,5
45114,543083,1.0,5
45115,543985,0.6428571428571429,5
45116,544689,0.5,4
45117,545591,0.8571428571428571,5
45118,546295,0.5833333333333334,4
45119,546437,1.0,4
45120,546584,1.0,3
45121,546744,1.0,3
45122,546872,1.0,4
45123,547016,1.0,4
45124,547206,1.0,5
45125,548108,0.6428571428571429,5
45126,548812,0.6666666666666666,4
45127,549516,0.4166666666666667,4
45128,549608,1.0,3
45129,550312,0.75,4
45130,550452,1.0,4
45131,551156,0.4166666666666667,4
45132,551860,0.8333333333333334,4
45133,552006,1.0,3
45134,552201,1.0,5
45135,552358,1.0,3
45136,552502,1.0,4
45137,553202,0.2,3
45138,553394,1.0,5
45139,554094,0.4,3
45140,554219,1.0,5
45141,555121,0.35714285714285715,5
45142,555821,0.7,3
45143,555978,1.0,4
45144,556682,0.4166666666666667,4
45145,556800,1.0,3
45146,557702,0.21428571428571427,5
45147,558406,0.75,4
45148,559308,0.5714285714285714,5
45149,560210,0.21428571428571427,5
45150,560914,0.0,4
45151,561614,0.8,3
45152,562318,0.6666666666666666,4
45153,563220,0.42857142857142855,5
45154,563319,1.0,4
45155,563506,1.0,5
45156,563663,1.0,3
45157,564565,0.7142857142857143,5
45158,564810,1.0,5
45159,565510,0.5,3
45160,566214,0.5,4
45161,567116,0.8571428571428571,5
45162,568018,0.5,5
45163,568920,0.7142857142857143,5
45164,569084,1.0,5
45165,569264,1.0,4
45166,570166,0.7142857142857143,5
45167,570303,1.0,4
45168,571003,0.8,3
45169,571707,0.6666666666666666,4
45170,572609,0.42857142857142855,5
45171,573511,0.6428571428571429,5
45172,573669,1.0,4
45173,574571,0.7142857142857143,5
45174,574668,1.0,3
45175,574824,1.0,3
45176,575726,0.6428571428571429,5
45177,575851,1.0,5
45178,575969,1.0,4
45179,576149,1.0,3
45180,577051,0.5714285714285714,5
45181,577228,1.0,4
45182,578130,0.5,5
45183,578278,1.0,3
45184,578567,1.0,5
45185,578697,1.0,5
45186,578831,1.0,4
45187,579535,0.8333333333333334,4
45188,580239,0.8333333333333334,4
45189,581141,0.7142857142857143,5
45190,582043,0.14285714285714285,5
45191,582743,0.5,3
45192,583443,0.8,3
45193,584345,0.8571428571428571,5
45194,584546,1.0,5
45195,584710,1.0,3
45196,584850,1.0,4
45197,585752,0.6428571428571429,5
45198,585897,1.0,4
45199,586799,0.35714285714285715,5
45200,587701,0.7142857142857143,5
45201,588603,0.7142857142857143,5
45202,589505,0.5714285714285714,5
45203,589659,1.0,3
45204,589805,1.0,4
45205,589993,1.0,5
45206,590089,1.0,3
45207,590245,1.0,3
45208,590405,1.0,5
45209,590553,1.0,3
45210,591455,0.7857142857142857,5
45211,592357,0.6428571428571429,5
45212,592512,1.0,4
45213,592961,1.0,5
45214,593084,1.0,5
45215,593240,1.0,3
45216,594142,0.7142857142857143,5
45217,594846,0.8333333333333334,4
45218,595546,0.8,3
45219,595705,1.0,4
45220,595869,1.0,3
45221,596771,0.8571428571428571,5
45222,596964,1.0,5
45223,597668,0.5,4
45224,598570,0.5,5
45225,599472,0.14285714285714285,5
45226,599612,1.0,4
45227,600514,0.6428571428571429,5
45228,600619,1.0,3
45229,601521,0.7857142857142857,5
45230,602423,0.7142857142857143,5
45231,602589,1.0,3
45232,603293,0.4166666666666667,4
45233,603993,0.7,3
45234,604954,0.625,6
45235,605915,0.75,6
45236,606876,0.0625,6
45237,607837,0.125,6
45238,608798,0.875,6
45239,608954,1.0,4
45240,609856,0.5714285714285714,5
45241,610758,0.5,5
45242,611660,0.7142857142857143,5
45243,612621,0.6875,6
45244,613582,0.125,6
45245,614543,0.3125,6
45246,615504,0.6875,6
45247,616465,0.75,6
45248,617426,0.125,6
45249,617586,1.0,4
45250,618547,0.375,6
45251,619508,0.8125,6
45252,620410,0.2857142857142857,5
45253,621371,0.25,6
45254,622332,0.4375,6
45255,623293,0.375,6
45256,624254,0.625,6
45257,624445,1.0,5
45258,625406,0.5625,6
45259,625587,1.0,5
45260,625739,1.0,6
45261,626700,0.875,6
45262,627602,0.5,5
45263,628504,0.35714285714285715,5
45264,629208,0.8333333333333334,4
45265,630169,0.375,6
45266,631130,0.375,6
45267,632032,0.21428571428571427,5
45268,632993,0.125,6
45269,633895,0.6428571428571429,5
45270,634797,0.7857142857142857,5
45271,635699,0.35714285714285715,5
45272,636660,0.4375,6
45273,636791,1.0,4
45274,636996,1.0,4
45275,637162,1.0,4
45276,638064,0.07142857142857142,5
45277,639025,0.6875,6
45278,639986,0.25,6
45279,640888,0.5714285714285714,5
45280,641094,1.0,4
45281,642055,0.875,6
45282,643016,0.4375,6
45283,643918,0.42857142857142855,5
45284,644879,0.25,6
45285,645840,0.1875,6
45286,646205,1.0,6
45287,647107,0.6428571428571429,5
45288,647387,1.0,6
45289,648348,0.25,6
45290,649309,0.4375,6
45291,649466,1.0,4
45292,650427,0.1875,6
45293,651388,0.6875,6
45294,652349,0.25,6
45295,653310,0.125,6
45296,653451,1.0,4
45297,654412,0.8125,6
45298,654518,1.0,4
45299,655479,0.5,6
45300,656381,0.5714285714285714,5
