train_episode,train_steps,mix_progress,env
45251,45385,0.8694888230923581,0
45252,45496,0.5,0
45253,45653,0.8694888230923581,0
45254,45796,0.5,0
45255,45880,0.4837861228730016,0
45256,46003,0.47413476162456203,0
45257,46063,0.4903324213575722,0
45258,46195,0.4837386527781694,0
45259,46295,0.4788748362471507,0
45260,46584,0.47413476162456203,0
45261,46691,0.4951294909292959,0
45262,46814,0.49134472437686677,0
45263,46881,0.48853304734413866,0
45264,46984,0.48829461352491615,0
45265,47146,0.4931635635820906,0
45266,47722,0.4841414356897242,0
45267,47896,0.49125694664160074,0
45268,48474,0.5076794321806405,0
45269,48525,0.49527945593802025,0
45270,49103,0.49382608257457417,0
45271,49291,0.49301104626095443,0
45272,49362,0.49641594083057294,0
45273,49486,0.4943957228263507,0
45274,49614,0.4925837260651482,0
45275,49694,0.4955145643041677,0
45276,50272,0.4783236660659058,0
45277,50380,0.4980707977558749,0
45278,50470,0.4805724968351532,0
45279,50562,0.48151811761309,0
45280,50704,0.48351757181657706,0
45281,50796,0.4861355653992991,0
45282,50930,0.48434543221032755,0
45283,51013,0.5145312326375182,0
45284,51591,0.5129192125460076,0
45285,51682,0.5110551410121551,0
45286,51831,0.5127193076419915,0
45287,51961,0.512514472401252,0
45288,52102,0.5138412051358411,0
45289,52255,0.5150523373496674,0
45290,52378,0.5161620451088388,0
45291,52954,0.5435327233342855,0
45292,53025,0.5171822733411772,0
45293,53601,0.5259203624260893,0
45294,53744,0.542011097402778,0
45295,53805,0.5406063023281906,0
45296,53909,0.5378385407745205,0
45297,54031,0.5365375608577915,0
45298,54090,0.5340789996782179,0
45299,54231,0.5319001570597781,0
45300,54409,0.5299732214576751,0
45301,54524,0.5287647179965561,0
45302,54584,0.5276416903691451,0
45303,54704,0.5259405406733023,0
45304,54812,0.5248943388013704,0
45305,54922,0.5233968504637558,0
45306,54993,0.49992660786074533,0
45307,55569,0.4989720584648835,0
45308,55662,0.5008207513211357,0
45309,56238,0.4991599759650764,0
45310,56317,0.49978670540896836,0
45311,56446,0.49880805495672026,0
45312,56526,0.515721539431532,0
45313,56617,0.5162992151703228,0
45314,57195,0.5151205675110258,0
45315,57339,0.5145422821886495,0
45316,57447,0.5168553199927935,0
45317,58023,0.5228796180773835,0
45318,58147,0.5199864891809269,0
45319,58208,0.5221024576167365,0
45320,58348,0.5193263133372985,0
45321,58455,0.5173857888258298,0
45322,58557,0.5139659381433077,0
45323,59135,0.5370720419887437,0
45324,59213,0.5156040672818907,0
45325,59357,0.5124576900478708,0
45326,59432,0.5333752335347197,0
45327,59579,0.5300113130472978,0
45328,59716,0.5294572455693409,0
45329,59775,0.5289968285799818,0
45330,59925,0.5212067057686528,0
45331,60503,0.5491109165272495,0
45332,60559,0.5170824574302402,0
45333,61137,0.5254879127014832,0
45334,61713,0.5257440263473038,0
45335,61876,0.5133315544284155,0
45336,62001,0.509917938053452,0
45337,62059,0.5068089332458732,0
45338,62196,0.5229943061770431,0
45339,62254,0.5261820553561295,0
45340,62832,0.5211944886332456,0
45341,62937,0.5246522821615758,0
45342,63028,0.5221477531198654,0
45343,63172,0.5184774574565287,0
45344,63253,0.5198933275853741,0
45345,63371,0.5165525975003519,0
45346,63514,0.532013558502131,0
45347,63572,0.529007826945965,0
45348,63698,0.5277933808885701,0
45349,64276,0.5307055229306998,0
45350,64334,0.5262992931030465,0
45351,64395,0.5301363690979077,0
45352,64504,0.5273509552927416,0
45353,64578,0.5283320683358599,0
45354,64722,0.524840547762293,0
45355,65300,0.5300298923102169,0
45356,65878,0.5422268530219386,0
45357,65988,0.5435836706295261,0
45358,66128,0.5429214022104927,0
45359,66704,0.5284554850128385,0
45360,66790,0.539066034831176,0
45361,66884,0.5125207860603079,0
45362,67460,0.5166522917325923,0
45363,68036,0.49211577476919377,0
45364,68094,0.48903598882620286,0
45365,68670,0.48389766207708224,0
45366,68817,0.4852762950356847,0
45367,68877,0.489943644902888,0
45368,68988,0.5168262811558334,0
45369,69566,0.5125849552799878,0
45370,69686,0.5206826270344878,0
45371,70264,0.527306911890123,0
45372,70456,0.5151363427020333,0
45373,70530,0.530811405317862,0
45374,70669,0.5251180057326112,0
45375,71245,0.5212302353872121,0
45376,71320,0.5212395728473143,0
45377,71896,0.5158702618841513,0
45378,72472,0.5175761363239991,0
45379,72617,0.5185604809471797,0
45380,73193,0.5191223503753524,0
45381,73320,0.5152141547316216,0
45382,73378,0.5136556044533955,0
45383,73463,0.5162941103275303,0
45384,73554,0.5187184903227836,0
45385,73662,0.5209495926434926,0
45386,73749,0.5230062051495722,0
45387,74327,0.5264232637421113,0
45388,74905,0.5473788750086309,0
45389,74967,0.5440984277216745,0
45390,75064,0.549264515304188,0
45391,75208,0.5423501766627283,0
45392,75266,0.5378194833047991,0
45393,75371,0.5394428089319203,0
45394,75485,0.5337390473243211,0
45395,76063,0.5456889442477266,0
45396,76641,0.5653252080115004,0
45397,76776,0.5574011974517092,0
45398,76851,0.5602897397312169,0
45399,76992,0.5588977166471967,0
45400,77077,0.5530951803985413,0
45401,77174,0.546554306273932,0
45402,77279,0.5406074955436094,0
45403,77334,0.53651000671928,0
45404,77910,0.5249729309752642,0
45405,78029,0.5419156338344193,0
45406,78103,0.5270922774020774,0
45407,78169,0.5221636317333082,0
45408,78303,0.5176792440483752,0
45409,78442,0.5196369350212872,0
45410,78558,0.5155551847168254,0
45411,78640,0.4943086023478621,0
45412,79216,0.49424714659043306,0
45413,79262,0.4980304650508315,0
45414,79359,0.4909160075608039,0
45415,79420,0.4943688037720589,0
45416,79546,0.4912724585493796,0
45417,79693,0.4884438297401979,0
45418,79775,0.4896005008057971,0
45419,79917,0.48611216789493716,0
45420,80495,0.5030850151498469,0
45421,80552,0.4829305635710507,0
45422,81128,0.4934289676521284,0
45423,81273,0.4867866323020783,0
45424,81378,0.4903083428127823,0
45425,81448,0.4874007626221878,0
45426,81507,0.48474233171665043,0
45427,81587,0.4879605161181322,0
45428,81733,0.48847125675837094,0
45429,81828,0.490906582606871,0
45430,81886,0.4911711216098986,0
45431,81938,0.491415572060375,0
45432,82052,0.48893781411015863,0
45433,82197,0.4936932345668826,0
45434,82307,0.4957901797612578,0
45435,82451,0.49373861117675827,0
45436,83029,0.49820453139545257,0
45437,83157,0.4950080255589082,0
45438,83297,0.4977660136415666,0
45439,83873,0.48286629097410383,0
45440,83964,0.5026224251744428,0
45441,84069,0.500296785268588,0
45442,84647,0.5169287478550681,0
45443,84727,0.5228558894314567,0
45444,84872,0.519066525409116,0
45445,84932,0.5210368111283681,0
45446,84998,0.5187356580573181,0
45447,85092,0.5204193974753453,0
45448,85162,0.5219797973478276,0
45449,85305,0.5234287396071096,0
45450,85380,0.5247769236162916,0
45451,85481,0.5260339834405976,0
45452,85560,0.5272085937736725,0
45453,86136,0.525815894410441,0
45454,86240,0.5220657407932914,0
45455,86364,0.5186448534589904,0
45456,86511,0.5155213808364607,0
45457,86572,0.512666480310967,0
45458,86648,0.5135391897158401,0
45459,86752,0.5143709790608059,0
45460,87330,0.5177522945295981,0
45461,87472,0.51175899774122,0
45462,87598,0.5185464250148715,0
45463,87735,0.5158676232740603,0
45464,87794,0.5166279940478917,0
45465,87867,0.5141720080900214,0
45466,87945,0.5149014974369526,0
45467,88521,0.49022727633511043,0
45468,89099,0.49654441547948147,0
45469,89167,0.5126466478733271,0
45470,89237,0.4993262634225275,0
45471,89351,0.5018757149841798,0
45472,89449,0.49947976627448876,0
45473,89508,0.497588823070836,0
45474,89666,0.4996169443966879,0
45475,90244,0.5239219594055238,0
45476,90400,0.4997394462436327,0
45477,90503,0.5197711456332669,0
45478,90562,0.49727717311079095,0
45479,90637,0.5159869546524786,0
45480,90766,0.5125339488455487,0
45481,90855,0.5113591040730788,0
45482,90914,0.5131838727299622,0
45483,91044,0.5145124442408877,0
45484,91137,0.5119867198384394,0
45485,91242,0.5148693010320372,0
45486,91314,0.5093474283069003,0
45487,91387,0.5109079019777657,0
45488,91468,0.512354720035111,0
45489,91610,0.5136988164653632,0
45490,91675,0.5149500393851244,0
45491,91735,0.5374818658254423,0
45492,92313,0.5363198828200471,0
45493,92438,0.5125315773005861,0
45494,92596,0.539585378359277,0
45495,92709,0.5385679640466592,0
45496,92821,0.5351375707119884,0
45497,92929,0.5360940772553072,0
45498,93505,0.5139332901475029,0
45499,94083,0.5086730716480479,0
45500,94177,0.512824233004561,0
45501,94280,0.5113768976800368,0
45502,94352,0.5098657987603487,0
45503,94412,0.5138502843439146,0
45504,94540,0.5109592774415791,0
45505,94598,0.5083093776367507,0
45506,94741,0.5058771756304264,0
45507,94800,0.5059089253848315,0
45508,94884,0.5079890922564203,0
45509,95030,0.5036415338641955,0
45510,95093,0.5099003242932192,0
45511,95224,0.5078427593453678,0
45512,95314,0.5337252622512685,0
45513,95452,0.5482963453187495,0
45514,95516,0.5497800650513379,0
45515,96094,0.5319732596486126,0
45516,96239,0.5445574972663794,0
45517,96817,0.5466887948692376,0
45518,96877,0.5398005372343987,0
45519,97020,0.5411775464006192,0
45520,97129,0.5639157182156829,0
45521,97243,0.5650892901647743,0
45522,97821,0.562651408867016,0
45523,97939,0.553047826938046,0
45524,98083,0.5587856806519892,0
45525,98205,0.5541458147504033,0
45526,98266,0.5489240426536961,0
45527,98380,0.5441676844953237,0
45528,98447,0.5343923662811159,0
45529,98535,0.5300449501340954,0
45530,99111,0.5324608575408911,0
45531,99251,0.5334605732891667,0
45532,99310,0.5318229499855487,0
45533,99386,0.5349715366674097,0
45534,99513,0.531012937148937,0
45535,99570,0.5274005348246186,0
45536,99642,0.528799892075685,0
45537,99747,0.5255013681753573,0
45538,99851,0.5267983754668714,0
45539,99965,0.8723025041646398,1
45540,100543,0.8616757346108685,1
45541,100615,0.8616757346108687,1
45542,100698,0.48321424400865043,1
45543,100864,0.4670362528234982,1
45544,100998,0.4722131398340657,1
45545,101128,0.47692377111803913,1
45546,101199,0.47692377111803913,1
45547,101777,0.49644079266991037,1
45548,102438,0.4920826367723297,1
45549,102496,0.4880220678399742,1
45550,102624,0.48802206783997415,1
45551,102726,0.48121273266328857,1
45552,102864,0.48802206783997415,1
45553,102958,0.48151483046481314,1
45554,103047,0.4762580555251032,1
45555,103209,0.47495434216105675,1
45556,103787,0.45183230429780236,1
45557,103915,0.47933147013149174,1
45558,104038,0.4568077068735209,1
45559,104114,0.4568077068735209,1
45560,104222,0.4568077068735209,1
45561,104346,0.4568077068735209,1
45562,104483,0.4568077068735209,1
45563,104589,0.46134245573972193,1
45564,105167,0.48379594886608257,1
45565,105293,0.48612599207689705,1
45566,105954,0.4703811676256148,1
45567,106174,0.4819346714466744,1
45568,106752,0.4757056400976651,1
45569,106857,0.48193467144667446,1
45570,106995,0.47570564009766514,1
45571,107119,0.47817644720360386,1
45572,107780,0.49173260018627696,1
45573,107875,0.47448820719944984,1
45574,108019,0.49525397271214394,2
45575,108597,0.49525397271214394,2
45576,108678,0.5000061927848636,2
45577,108861,0.49033861182875604,2
45578,108995,0.48374483901525744,2
45579,109656,0.44875003759684007,2
45580,109766,0.47888101798056976,2
45581,110427,0.4549810739983233,2
45582,110533,0.46169520042880013,2
45583,110696,0.45554398673499913,2
45584,110815,0.45793419360112303,2
45585,110873,0.45793419360112303,2
45586,110965,0.46989007747519435,2
45587,111626,0.4431352583633805,2
45588,112300,0.49521998937351874,2
45589,112459,0.5014551937605999,2
45590,113133,0.4630293807357154,2
45591,113218,0.47973603492748296,2
45592,113383,0.48753882323963804,2
45593,114044,0.47111738579154777,2
45594,114188,0.49460226338005164,2
45595,114294,0.49460226338005164,2
45596,114427,0.487538823239638,2
45597,114671,0.4946022633800517,2
45598,114756,0.4946022633800517,2
45599,114841,0.49460226338005164,2
45600,115502,0.488186510390266,2
45601,115628,0.5336453181442079,2
45602,116302,0.4975359479558209,2
45603,116963,0.519264079997268,2
45604,117637,0.5269077685013517,2
45605,117800,0.514591700211517,2
45606,118461,0.5060985458923591,2
45607,118545,0.4914350883299936,2
45608,119206,0.5017374794690582,2
45609,119352,0.48256344168490184,2
45610,120013,0.47196537953864365,2
45611,120196,0.4829134150199679,2
45612,120339,0.492158629269776,2
45613,120464,0.4825634416849019,2
45614,120607,0.4829134150199679,2
45615,120689,0.4915915859906951,2
45616,120845,0.4832771965999686,2
45617,120968,0.49004379657975505,2
45618,121103,0.490043796579755,2
45619,121777,0.49890368407147756,2
45620,122451,0.5120458404866259,2
45621,122574,0.5198952114158694,2
45622,122678,0.49004379657975505,2
45623,123352,0.5329028279236714,2
45624,123454,0.5399779838421337,2
45625,123638,0.5288261831881319,2
45626,123696,0.5147493991593373,2
45627,124357,0.5147493991593373,2
45628,124490,0.5223994445470397,2
45629,124652,0.5223994445470396,2
45630,124770,0.5421984306466375,2
45631,124856,0.5421984306466375,2
45632,125530,0.5421984306466375,2
45633,125661,0.5302639400997651,2
45634,125784,0.5371686483339694,2
45635,125842,0.5371686483339694,2
45636,126516,0.5288731575939484,2
45637,126607,0.519275342141199,2
45638,126754,0.5371686483339694,2
45639,126891,0.4885926988813968,2
45640,127552,0.49728743039604845,2
45641,128213,0.49961618596653956,2
45642,128380,0.5064597645966349,2
45643,128468,0.5266536370110378,2
45644,129142,0.5148405665640717,2
45645,129301,0.5210373954082897,2
45646,129962,0.5112404098637908,2
45647,130623,0.5048949617619529,2
45648,131284,0.4989184150047943,2
45649,131945,0.5010119844004184,2
45650,132049,0.5010119844004184,2
45651,132178,0.5010119844004184,2
45652,132312,0.4991710695238539,2
45653,132455,0.5076370712833482,2
45654,132637,0.49151163835218475,2
45655,132784,0.49151163835218475,2
45656,132891,0.4845816412725823,2
45657,133565,0.4876742455812127,2
45658,133732,0.49368845925834637,2
45659,133807,0.4800689619223456,2
45660,134481,0.5043605352958305,2
45661,135142,0.4863463358758857,2
45662,135803,0.49749253129510196,2
45663,136477,0.49196169133103257,2
45664,137055,0.49749253129510196,2
45665,137716,0.48006818876371127,2
45666,138390,0.4942286117757178,2
45667,138968,0.4800681887637112,2
45668,139629,0.49033300957324905,2
45669,139685,0.4965166878732819,2
45670,139785,0.496516687873282,2
45671,139929,0.48006818876371127,2
45672,140043,0.49651668787328196,2
45673,140621,0.49651668787328196,2
45674,140787,0.4816730282445199,2
45675,140888,0.4977539383859608,2
45676,141562,0.49775393838596077,2
45677,142223,0.4738878089261825,2
45678,142884,0.49127320196085084,2
45679,143069,0.4892690060113447,2
45680,143743,0.506709643253902,2
45681,143889,0.5067096432539021,2
45682,144563,0.5276085107848588,2
45683,144692,0.5276085107848588,2
45684,145366,0.5121806516550597,2
45685,145944,0.5121806516550597,2
45686,146038,0.5030804476321579,2
45687,146131,0.4948336477252653,2
45688,146296,0.5013909716463011,2
45689,146874,0.5013909716463011,2
45690,147548,0.5101633156369291,2
45691,148222,0.511405916128555,2
45692,148896,0.5196801355917924,2
45693,149474,0.5196801355917924,2
45694,149549,0.5196801355917924,2
45695,149693,0.5196801355917924,2
45696,149744,0.5196801355917924,2
45697,149908,0.525634360834843,2
45698,150054,0.5249794750757155,2
45699,150728,0.5190653267045926,2
45700,151389,0.518270149675416,2
45701,151516,0.5166197094512849,2
45702,151622,0.5389472512472508,2
45703,151686,0.538947251247251,2
45704,152360,0.538947251247251,2
45705,152524,0.5443085856887121,2
45706,152681,0.5257887362248068,2
45707,152823,0.5257887362248067,2
45708,153497,0.540819357046882,2
45709,153594,0.5408193570468821,2
45710,153780,0.5346059223715933,2
45711,153916,0.5175457991557484,2
45712,154577,0.5175457991557484,2
45713,154680,0.5175457991557484,2
45714,155258,0.5175302272184872,2
45715,155932,0.5175302272184872,2
45716,156053,0.5155941306519197,2
45717,156148,0.5084293028902716,2
45718,156325,0.5073373793017096,2
45719,156471,0.5073373793017096,2
45720,156572,0.5138515487531714,2
45721,156677,0.5421852480070858,2
45722,157351,0.5362920894669735,2
45723,158025,0.5622857584162452,2
45724,158129,0.5518160436555268,2
45725,158803,0.5518160436555268,2
45726,158956,0.5675949402890884,2
45727,159121,0.5566812027025152,2
45728,159246,0.5566812027025152,2
45729,159338,0.5471693881602768,2
45730,159466,0.5385109950763534,2
45731,160127,0.5343190256363828,2
45732,160801,0.5562163827901629,2
45733,160911,0.5608788347582542,2
45734,161056,0.5562163827901629,2
45735,161143,0.5429741241509283,2
45736,161254,0.5608788347582543,2
45737,161435,0.5509494096823193,2
45738,162096,0.5271367037228119,2
45739,162289,0.5429240288811581,2
45740,162963,0.5619416007919547,2
45741,163637,0.5547011825678074,2
45742,164215,0.5619416007919547,2
45743,164290,0.5433418586613621,2
45744,164951,0.5558370224575148,2
45745,165080,0.5433418586613621,2
45746,165741,0.5452437196078809,2
45747,166402,0.5215062761864144,2
45748,167076,0.5432103328080878,2
45749,167164,0.5105765536053533,2
45750,167248,0.5191453257358761,2
45751,167398,0.5432103328080878,2
45752,167541,0.5191453257358761,2
45753,167653,0.5191453257358761,2
45754,167746,0.5269173022932033,2
45755,167931,0.5170211034427633,2
45756,168060,0.5269173022932033,2
45757,168638,0.5170211034427633,2
45758,168774,0.5170211034427633,2
45759,168907,0.5080352647793004,2
45760,169069,0.5069548873124381,2
45761,169247,0.4998765295987066,2
45762,169921,0.5089197733705298,2
45763,170595,0.5172246552769919,2
45764,171256,0.5028758345941755,2
45765,171930,0.5027883070632789,2
45766,172604,0.5246977980627331,2
45767,172691,0.5113226687669264,2
45768,172854,0.5190663763654618,2
45769,173040,0.49735903391492664,2
45770,173701,0.505572094484197,2
45771,174375,0.5440631330911945,2
45772,175049,0.5267416954152178,2
45773,175193,0.5323109912423077,2
45774,175367,0.5323109912423076,2
45775,176041,0.5393975680846661,2
45776,176151,0.5216259933849282,2
45777,176265,0.5216259933849281,2
45778,176395,0.5157668703148621,2
45779,177069,0.5240976077557529,2
45780,177743,0.507542714028658,2
45781,178012,0.5155665472087473,2
45782,178107,0.5152696768458469,2
45783,178186,0.5230297592018294,2
45784,178282,0.5081986724396357,2
45785,178430,0.5081986724396358,2
45786,178593,0.5149897850632902,2
45787,179267,0.5110452636263394,2
45788,179941,0.5215648124642798,2
45789,180078,0.5299765216480145,2
45790,180752,0.5380503454431115,2
45791,181413,0.5079131091984491,2
45792,181501,0.5088313231593006,2
45793,181648,0.5005281317116577,2
45794,182322,0.4977258152447873,2
45795,182424,0.5052665729901127,2
45796,182553,0.5052665729901127,2
45797,183227,0.530007619801234,2
45798,183376,0.530007619801234,2
45799,183434,0.5300076198012339,2
45800,184095,0.5163444632916735,2
45801,184170,0.5163444632916735,2
45802,184334,0.5316828744750451,2
45803,184449,0.524056112116563,2
45804,184631,0.5170945034295592,2
45805,184760,0.5243875455319327,2
45806,184901,0.5237367407865059,2
45807,185008,0.5237367407865059,2
45808,185156,0.501527541314049,2
45809,185817,0.501527541314049,2
45810,186009,0.4951645070184391,2
45811,186587,0.4828119018541072,2
45812,187261,0.47264448217586064,2
45813,187431,0.48188290916461,2
45814,188092,0.4828119018541071,2
45815,188235,0.4902761864989405,2
45816,188334,0.4979021943604614,2
45817,188430,0.49027618649894045,2
45818,188536,0.5048330731337467,2
45819,188698,0.49392664642372675,2
45820,188861,0.5048330731337467,2
45821,189522,0.4983245252081651,2
45822,189588,0.4939266464237268,2
45823,189774,0.48988020612149624,2
45824,189917,0.4898802061214962,2
45825,190044,0.48988020612149613,2
45826,190138,0.48615133922608506,2
45827,190271,0.4928587539537798,2
45828,190399,0.4928587539537798,2
45829,190977,0.4928587539537798,2
45830,191164,0.4894145723042087,2
45831,191742,0.49285875395377976,2
45832,192416,0.4956008940366014,2
45833,192518,0.4920536344491299,2
45834,193096,0.5118945469989701,2
45835,193162,0.5118945469989701,2
45836,193836,0.5118945469989701,2
45837,194510,0.5229840341388188,2
45838,194624,0.5169234680720642,2
45839,194774,0.5113744290810299,2
45840,194914,0.5174763006549328,2
45841,195049,0.5123933465234108,2
45842,195169,0.5123933465234107,2
45843,195843,0.5265406472911666,2
45844,195990,0.5265406472911666,2
45845,196110,0.5265406472911667,2
45846,196296,0.5077280459060269,2
45847,196344,0.5265406472911666,2
45848,196480,0.5265406472911667,2
45849,196641,0.5320847105403056,2
45850,197315,0.5216880957936665,2
45851,197989,0.5359026188386448,2
45852,198175,0.5299101166828291,2
45853,198307,0.5170790467353277,2
45854,198382,0.5244176751010882,2
45855,198508,0.5244176751010883,2
45856,198675,0.5294760426219858,2
45857,199349,0.5406216023678135,2
45858,200010,0.5170548465795829,2
45859,200156,0.5162035997344993,2
45860,200830,0.522266005618482,2
45861,201491,0.5188809236187276,2
45862,202069,0.5162035997344993,2
45863,202212,0.49433103835831743,2
45864,202873,0.4943310383583174,2
45865,203006,0.4997768921639923,2
45866,203680,0.4912728844153599,2
45867,203844,0.5145179162942136,2
45868,203920,0.5075005433576237,2
45869,204014,0.49977689216399235,2
45870,204103,0.5208970192118306,2
45871,204249,0.5208970192118306,2
45872,204357,0.515969821980442,2
45873,204545,0.5114360035184153,2
45874,204710,0.5172473372539863,2
45875,204818,0.509217760979565,2
45876,205492,0.5424272164351862,2
45877,205633,0.5130719370089355,2
45878,205758,0.5626389817947852,2
45879,206432,0.565235981082248,2
45880,207106,0.5721697387420104,2
45881,207767,0.5628589206211025,2
45882,208441,0.5701459177907287,2
45883,209102,0.5624304808684603,2
45884,209216,0.5812677636073211,2
45885,209359,0.5701459177907287,2
45886,210033,0.5758994094089204,2
45887,210162,0.581267763607321,2
45888,210823,0.5584708334764213,2
45889,210907,0.5845328309813669,2
45890,211485,0.5845328309813669,2
45891,211548,0.5845328309813669,2
45892,211727,0.5722931744027651,2
45893,212401,0.5774557653491419,2
45894,212512,0.5676085481641853,2
45895,212674,0.5787553361082064,2
45896,212819,0.5688464102053484,2
45897,213493,0.5801055764951577,2
45898,214167,0.5812253919469152,2
45899,214841,0.586214902030915,2
45900,214954,0.5748110310835496,2
45901,215628,0.5588121677009228,2
45902,216206,0.5588121677009228,2
45903,216351,0.5748110310835496,2
45904,216475,0.5927989468646965,2
45905,217149,0.5869705453522651,2
45906,217727,0.5927989468646964,2
45907,218401,0.5800833437526602,2
45908,218586,0.5813767134882305,2
45909,218747,0.5699900399257614,2
45910,218926,0.560755058917447,2
45911,219088,0.5661579469356406,2
45912,219194,0.5661579469356406,2
45913,219321,0.5577319838346743,2
45914,219436,0.5577319838346743,2
45915,220110,0.5658086106310215,2
45916,220297,0.5500207399540806,2
45917,220435,0.5573260410852401,2
45918,220579,0.5577319838346741,2
45919,220655,0.549564556760239,2
45920,220933,0.5628216767750374,2
45921,221607,0.5720581528848038,2
45922,222268,0.5474771964185554,2
45923,222417,0.5471333120480599,2
45924,223091,0.5560453989170356,2
45925,223174,0.5534711481056807,2
45926,223848,0.5482799036895092,2
45927,223989,0.5534711481056805,2
45928,224085,0.5671432197671642,2
45929,224759,0.5614064396731884,2
45930,224835,0.559454189808764,2
45931,225509,0.5744070064249122,2
45932,225653,0.5594541898087642,2
45933,225831,0.5501619504621589,2
45934,226492,0.559454189808764,2
45935,226656,0.5567654922739397,2
45936,226755,0.5633401252304059,2
45937,227416,0.5577571969843805,2
45938,227552,0.5633401252304059,2
45939,227691,0.5684231808698518,2
45940,228365,0.5964476173219905,2
45941,228438,0.5999066666051434,2
45942,229099,0.5756543246636809,2
45943,229231,0.5964476173219905,2
45944,229370,0.5999066666051434,2
45945,229450,0.5999066666051434,2
45946,229595,0.5999066666051434,2
45947,229725,0.5928176149033174,2
45948,229906,0.5896140258529275,2
45949,230484,0.5928176149033175,2
45950,230574,0.5957664978160278,2
45951,230694,0.5957664978160279,2
45952,230848,0.5527579219703729,2
45953,231031,0.5527579219703729,2
45954,231692,0.5710254337593632,2
45955,231787,0.5579836834563763,2
45956,231917,0.5500190394229436,2
45957,232082,0.5579836834563763,2
45958,232176,0.5548019337507211,2
45959,232269,0.5548019337507211,2
45960,232373,0.554801933750721,2
45961,232516,0.5548019337507211,2
45962,232562,0.5591705690662357,2
45963,233223,0.5542023901018194,2
45964,233388,0.5631663389635316,2
45965,233545,0.5469250239242178,2
45966,233608,0.5591705690662357,2
45967,233749,0.5469250239242178,2
45968,233937,0.5402599930453048,2
45969,234067,0.5402599930453049,2
45970,234172,0.5164543055248805,2
45971,234833,0.5042073756279902,2
45972,235494,0.5164543055248805,2
45973,235600,0.5042073756279901,2
45974,235677,0.5103164441867867,2
45975,235801,0.5042073756279902,2
45976,235960,0.4985825715720065,2
45977,236056,0.5098764600961287,2
45978,236730,0.5027992858325022,2
45979,236813,0.5098764600961287,2
45980,237487,0.5207847012252066,2
45981,237630,0.5444338292064278,2
45982,238304,0.5444338292064278,2
45983,238470,0.5508228628394545,2
45984,239131,0.5285657360522106,2
45985,239274,0.5284100465447098,2
45986,239348,0.5200037441095219,2
45987,239526,0.5199401753356384,2
45988,240200,0.5284100465447098,2
45989,240778,0.5199401753356384,2
45990,241439,0.5228967801694512,2
45991,241568,0.5303091533638769,2
45992,241733,0.5370479439225323,2
45993,241804,0.5506712200884897,2
45994,242465,0.5458146146686336,2
45995,242650,0.5429980475875584,2
45996,242787,0.5359757920614545,2
45997,243448,0.5199743091768854,2
45998,244109,0.5053857763985182,2
45999,244783,0.5220385610926579,2
46000,245457,0.5439234121487904,2
46001,245586,0.5439234121487904,2
46002,246164,0.5439234121487904,2
46003,246838,0.5,4
46004,246996,0.5338099715439242,2
46005,247081,0.5,4
46006,247231,0.13051117690764194,4
46007,247931,0.1480471980316895,4
46008,248631,0.1564184560570527,4
46009,249305,0.1564184560570527,4
46010,249438,0.16997212022318653,4
46011,249618,0.1645851998233511,4
46012,250320,0.1760425443131679,4
46013,250409,0.19725259259215908,4
46014,250570,0.21729809443306364,4
46015,250661,0.14804719803168948,4
46016,250770,0.2362187318555662,4
46017,250911,0.2488886782227736,4
46018,251008,0.23662956516345204,4
46019,251708,0.23097705587677955,4
46020,252408,0.24201023640417457,4
46021,252557,0.23228318758917627,4
46022,252685,0.2656836504057801,4
46023,253387,0.2481799865077354,4
46024,253569,0.26034399341890124,4
46025,253713,0.2603439934189012,4
46026,254415,0.25050110860310687,4
46027,254527,0.2663664990655913,4
46028,254713,0.2631094337208488,4
46029,254839,0.2631094337208488,4
46030,254997,0.27788198093605193,4
46031,255671,0.27788198093605193,4
46032,255820,0.31431916765953394,4
46033,256522,0.2998355144855756,4
46034,257222,0.27623943890508423,4
46035,257313,0.31431916765953394,4
46036,257987,0.32777861182565526,4
46037,258153,0.3277786118256552,4
46038,258853,0.31801261008259973,4
46039,259553,0.3199818208248464,4
46040,260227,0.3180126100825998,4
46041,260379,0.3328861686846689,4
46042,260562,0.33288616868466897,4
46043,260719,0.344840927951088,4
46044,260897,0.344840927951088,4
46045,261571,0.3180126100825998,4
46046,261716,0.33902015422323706,4
46047,261852,0.339020154223237,4
46048,262526,0.339020154223237,4
46049,263200,0.339020154223237,4
46050,263299,0.3556145405124682,4
46051,264001,0.3633320395382767,4
46052,264139,0.34374910017799665,4
46053,264839,0.3437491001779966,4
46054,265020,0.3559356667877012,4
46055,265694,0.3559356667877012,4
46056,265805,0.36719221685192,4
46057,266505,0.35420614828217034,4
46058,267205,0.34824856584635483,4
46059,267905,0.35406230276097056,4
46060,268053,0.3471797580262651,4
46061,268727,0.34824856584635494,4
46062,268857,0.3582570612988354,4
46063,268987,0.35825706129883533,4
46064,269180,0.368486370402916,4
46065,269361,0.36848637040291593,4
46066,269433,0.3866248479694118,4
46067,269591,0.3779234979277796,4
46068,270265,0.3779234979277797,4
46069,270399,0.3946459982001878,4
46070,270575,0.40204070896492206,4
46071,270712,0.40204070896492206,4
46072,270823,0.3954981641993435,4
46073,270920,0.38961837156044704,4
46074,271064,0.3843282695420373,4
46075,271764,0.3585540676605613,4
46076,272438,0.3843282695420373,4
46077,273138,0.3615999763932267,4
46078,273257,0.35392503429925226,4
46079,273446,0.3585540676605613,4
46080,273595,0.3497550192009414,4
46081,273680,0.3497550192009414,4
46082,273832,0.35859048568463897,4
46083,273979,0.35478619940346134,4
46084,274679,0.3344157564380072,4
46085,274808,0.3280556104893859,4
46086,275508,0.3165972592029972,4
46087,275655,0.33866131098140906,4
46088,275785,0.34846216740757013,4
46089,276459,0.3484621674075701,4
46090,277159,0.3432918081455053,4
46091,277861,0.35923089907296707,4
46092,278561,0.3398896920711384,4
46093,278741,0.3398896920711384,4
46094,279441,0.3458249291485319,4
46095,279550,0.34612594127066965,4
46096,279703,0.33513507280837207,4
46097,279883,0.33351904570270424,4
46098,280583,0.33351904570270424,4
46099,280667,0.3335190457027043,4
46100,280760,0.33351904570270424,4
46101,280905,0.33351904570270424,4
46102,281027,0.34470797318871726,4
46103,281172,0.3403681259795716,4
46104,281349,0.3403681259795715,4
46105,281449,0.34928368691009365,4
46106,282123,0.33906430624285944,4
46107,282797,0.33906430624285944,4
46108,283497,0.3390643062428594,4
46109,284197,0.352644165054687,4
46110,284286,0.36154912978334613,4
46111,284449,0.36154912978334613,4
46112,285149,0.3579025512290779,4
46113,285823,0.35790255122907794,4
46114,286525,0.3735645337359804,4
46115,286629,0.34758998999746,4
46116,287329,0.35292861253873786,4
46117,288003,0.34758998999746,4
46118,288677,0.34758998999746,4
46119,288825,0.3427865917956199,4
46120,288969,0.3423896761992211,4
46121,289671,0.3423896761992211,4
46122,289772,0.3384277612968953,4
46123,290446,0.32610431741743173,4
46124,291146,0.3098463023266695,4
46125,291279,0.3060171767305041,4
46126,291979,0.3060171767305041,4
46127,292679,0.32610431741743173,4
46128,293353,0.3060171767305041,4
46129,293541,0.2921512233404424,4
46130,294241,0.2921512233404424,4
46131,294941,0.285013124339844,4
46132,295095,0.304378970552504,4
46133,295769,0.28501312433984394,4
46134,296471,0.2899230251109714,4
46135,296619,0.3007448877077652,4
46136,296766,0.30209604713408367,4
46137,297440,0.2877297682216483,4
46138,298140,0.2877297682216483,4
46139,298842,0.3120628169517313,4
46140,299025,0.3120628169517313,4
46141,299114,0.3120628169517313,4
46142,299788,0.31206281695173127,4
46143,299948,0.32567855613209157,4
46144,300096,0.32143905004485984,4
46145,300770,0.32143905004485984,4
46146,300919,0.32039691653432745,4
46147,301593,0.32039691653432745,4
46148,301730,0.31657757929642544,4
46149,302430,0.30666936602955236,4
46150,302614,0.31657757929642544,4
46151,302731,0.31657757929642544,4
46152,302882,0.3292368489678513,4
46153,303046,0.3409570924034821,4
46154,303720,0.32923684896785127,4
46155,304420,0.3346562298218082,4
46156,304559,0.33110368419978814,4
46157,304746,0.33465622982180826,4
46158,304892,0.33110368419978814,4
46159,305013,0.32788791495039227,4
46160,305115,0.32497332974152915,4
46161,305225,0.3488454440585032,4
46162,305414,0.32232829157530085,4
46163,306116,0.34884544405850315,4
46164,306790,0.3488454440585032,4
46165,306880,0.36031931189052596,4
46166,307008,0.36031931189052596,4
46167,307187,0.360319311890526,4
46168,307318,0.37089775563210675,4
46169,307477,0.38063899288271397,4
46170,307574,0.38063899288271397,4
46171,308248,0.38063899288271397,4
46172,308922,0.4062575560978516,4
46173,309068,0.3983085058663244,4
46174,309770,0.4062575560978515,4
46175,309877,0.40021445425218566,4
46176,309976,0.391163443990963,4
46177,310068,0.40021445425218566,4
46178,310157,0.4062234031166958,4
46179,310831,0.4318560901635991,4
46180,311533,0.39792040464279294,4
46181,312235,0.43185609016359916,4
46182,312909,0.43185609016359916,4
46183,313609,0.4089680609148505,4
46184,313767,0.45849056003690897,4
46185,314469,0.4266190776278854,4
46186,315171,0.4483522138546037,4
46187,315873,0.4457108093422293,4
46188,316023,0.4348685631349038,4
46189,316167,0.44604993314366137,4
46190,316325,0.46338328164427434,4
46191,316525,0.4549384013878348,4
46192,316690,0.47111417562854324,4
46193,317364,0.4457108093422294,4
46194,317475,0.46000083206567816,4
46195,317605,0.4670624324944693,4
46196,317759,0.4711141756285432,4
46197,317941,0.46000083206567816,4
46198,318085,0.45702771784925456,4
46199,318256,0.4570277178492545,4
46200,318958,0.4634851380492429,4
46201,319122,0.4536414756017135,4
46202,319824,0.44720553726248174,4
46203,319966,0.4733087473391894,4
46204,320668,0.4673706040251925,4
46205,320855,0.47330874733918943,4
46206,320965,0.4733087473391894,4
46207,321639,0.4733087473391893,4
46208,321802,0.48379161655934466,4
46209,321962,0.4787674975809936,4
46210,322054,0.48842196718546205,4
46211,322235,0.47979178437389153,4
46212,322379,0.47979178437389153,4
46213,322511,0.4797917843738916,4
46214,322688,0.4797917843738916,4
46215,323362,0.47979178437389164,4
46216,324062,0.45282186894200566,4
46217,324764,0.45497780037580027,4
46218,324911,0.4472967537862976,4
46219,325019,0.44729675378629763,4
46220,325693,0.4472967537862976,4
46221,325851,0.4541942837347689,4
46222,326525,0.45497780037580027,4
46223,326675,0.4605204043221076,4
46224,326822,0.46052040432210767,4
46225,327496,0.46052040432210767,4
46226,327644,0.453540202131362,4
46227,328318,0.45354020213136187,4
46228,328511,0.4593338956332042,4
46229,329185,0.46052040432210767,4
46230,329343,0.4530021063705553,4
46231,330017,0.45300210637055544,4
46232,330164,0.4472657180785194,4
46233,330302,0.44726571807851934,4
46234,330400,0.4684514909244651,4
46235,331100,0.44221491917815775,4
46236,331802,0.46312063964336825,4
46237,332502,0.41884697756315736,4
46238,333202,0.43415912895524733,4
46239,333876,0.43415912895524744,4
46240,334037,0.4341591289552474,4
46241,334185,0.42126682925623393,4
46242,334859,0.4112898982531865,4
46243,335559,0.4112898982531865,4
46244,336259,0.4118787537750534,4
46245,336933,0.4118787537750534,4
46246,337633,0.39149129934490984,4
46247,338307,0.39149129934490984,4
46248,339007,0.37344066099860196,4
46249,339707,0.3631765209843965,4
46250,339816,0.37733297401096877,4
46251,340490,0.3773329740109687,4
46252,340639,0.3710676560698288,4
46253,340755,0.37733297401096877,4
46254,340863,0.3840083431377806,4
46255,340949,0.3958976718825479,4
46256,341100,0.39010413128979965,4
46257,341201,0.4009574256993991,4
46258,341346,0.39566999749620196,4
46259,341461,0.39088393278877787,4
46260,341596,0.395669997496202,4
46261,342270,0.395669997496202,4
46262,342421,0.3931297983786221,4
46263,343121,0.38264630015934326,4
46264,343821,0.3963915092864096,4
46265,344523,0.3801820501834209,4
46266,344651,0.39730399025571755,4
46267,344823,0.38910712761563837,4
46268,345497,0.39730399025571755,4
46269,345676,0.39730399025571755,4
46270,345823,0.3749878457632615,4
46271,346523,0.37498784576326155,4
46272,347225,0.40365667062611027,4
46273,347370,0.38425142197301904,4
46274,348070,0.38928063470830854,4
46275,348184,0.39527297693526164,4
46276,348858,0.38425142197301904,4
46277,349007,0.3906681869100469,4
46278,349195,0.39527297693526164,4
46279,349352,0.3906681869100469,4
46280,349520,0.4280100896290195,4
46281,349666,0.42102403896554086,4
46282,350368,0.41773094089920576,4
46283,351068,0.40222639982191355,4
46284,351742,0.40222639982191366,4
46285,352442,0.4239074394106604,4
46286,352527,0.41307317703631624,4
46287,353227,0.4105531299264422,4
46288,353395,0.42965924270703865,4
46289,353468,0.42052521890237765,4
46290,354170,0.4275888842794314,4
46291,354283,0.4217866885249282,4
46292,354436,0.4217866885249281,4
46293,355136,0.39965852174754435,4
46294,355224,0.41004693984419643,4
46295,355924,0.39524846017771437,4
46296,356098,0.40606291637933467,4
46297,356800,0.4324489919792572,4
46298,356888,0.4324489919792571,4
46299,357562,0.4324489919792571,4
46300,358262,0.4118264720097518,4
46301,358426,0.4238214913124212,4
46302,358608,0.4118264720097518,4
46303,358762,0.4084131581390243,4
46304,359462,0.41621934755786544,4
46305,359629,0.4084131581390242,4
46306,359769,0.40841315813902423,4
46307,360469,0.4221587775926751,4
46308,361171,0.406145373967425,4
46309,361316,0.42215877759267517,4
46310,361469,0.41989576114865557,4
46311,361627,0.43067789361221753,4
46312,361741,0.43848446191848983,4
46313,361856,0.43313667489106494,4
46314,362556,0.4337534947917206,4
46315,363258,0.4387169849387055,4
46316,363420,0.43375349479172054,4
46317,364094,0.43375349479172065,4
46318,364794,0.42081435327680106,4
46319,364947,0.39830460676423085,4
46320,365649,0.4034814646463066,4
46321,365762,0.4088209214657946,4
46322,366462,0.39885127993301084,4
46323,367164,0.3920977969789461,4
46324,367269,0.39209779697894614,4
46325,367382,0.40161243908873434,4
46326,368084,0.4305873726898528,4
46327,368229,0.42508878458003807,4
46328,368378,0.4377709028901866,4
46329,368562,0.4377709028901865,4
46330,369262,0.42746119167694036,4
46331,369423,0.4461970279053169,4
46332,370125,0.4377709028901865,4
46333,370825,0.43515008364762725,4
46334,370973,0.4292973352088938,4
46335,371647,0.4292973352088938,4
46336,372349,0.4393084915461191,4
46337,373049,0.4414272988175403,4
46338,373749,0.44919175859159305,4
46339,374449,0.42538982234002837,4
46340,375123,0.44919175859159305,4
46341,375825,0.4401214698096706,4
46342,375982,0.4464167984419925,4
46343,376684,0.4369511139713414,4
46344,376790,0.4573826907247846,4
46345,377490,0.4350243269635789,4
46346,378192,0.46618430579228687,4
46347,378866,0.4350243269635789,4
46348,379568,0.44804646905743134,4
46349,380270,0.45439099355229234,4
46350,380348,0.4543909935522923,4
46351,380528,0.45439099355229234,4
46352,381230,0.44915749155511087,4
46353,381904,0.4491574915551109,4
46354,382010,0.43921662505081727,4
46355,382710,0.437433898122375,4
46356,383412,0.4392166250508172,4
46357,383560,0.437433898122375,4
46358,384234,0.4491574915551109,4
46359,384934,0.41747778349800585,4
46360,385608,0.4174777834980058,4
46361,386310,0.44203375042504744,4
46362,386469,0.4325774171952809,4
46363,387171,0.4421078725805841,4
46364,387871,0.4169039349263493,4
46365,388573,0.42488488227749494,4
46366,388751,0.4381134261466932,4
46367,389453,0.4227333108640966,4
46368,390155,0.4622967720639983,4
46369,390857,0.49648068959106834,4
46370,391035,0.49648068959106834,4
46371,391180,0.47449768127727254,4
46372,391882,0.4713340851866502,4
46373,392582,0.4512237525525954,4
46374,393256,0.45122375255259534,4
46375,393930,0.45122375255259534,4
46376,394630,0.4576986689418615,4
46377,395330,0.450999146694794,4
46378,395490,0.46369414714644946,4
46379,396190,0.450235773829447,4
46380,396381,0.45023577382944696,4
46381,396515,0.46305287234474046,4
46382,396676,0.450999146694794,4
46383,396833,0.4534278148900057,4
46384,396976,0.444696024577426,4
46385,397089,0.4367690210517686,4
46386,397789,0.8155687566809279,5
46387,398491,0.8043172734422239,5
46388,399191,0.8043172734422238,5
46389,399340,0.3815563804320011,5
46390,400042,0.45050723459711856,4
46391,400198,0.3639060226095241,5
46392,400364,0.3639060226095241,5
46393,401068,0.3639060226095241,5
46394,401770,0.369460551645602,5
46395,402470,0.3639060226095242,5
46396,403172,0.3689592547499733,5
46397,403872,0.36946055164560204,5
46398,404070,0.36067385999506246,5
46399,404154,0.3606738599950625,5
46400,404314,0.37666556504930415,5
46401,405018,0.3766655650493041,5
46402,405171,0.3854200017491542,5
46403,405326,0.3629042877233898,5
46404,406026,0.3629042877233898,5
46405,406728,0.3629042877233898,5
46406,406860,0.3629042877233898,5
46407,407564,0.37851423674225787,5
46408,407679,0.38877730688508816,5
46409,407788,0.3887773068850882,5
46410,407936,0.40849696047696427,5
46411,408638,0.37134621801894513,5
46412,409340,0.3859794054859851,5
46413,410044,0.3989938126303625,5
46414,410746,0.36872343958349235,5
46415,411446,0.36872343958349235,5
46416,411560,0.36099670568391123,5
46417,412262,0.3609967056839112,5
46418,412964,0.35399252687211097,5
46419,413668,0.3995454318806807,5
46420,413828,0.39954543188068065,5
46421,414530,0.37515383681630743,5
46422,414690,0.41092274192661365,5
46423,414901,0.4012810498282815,5
46424,415044,0.36715051209679933,5
46425,415201,0.4012810498282815,5
46426,415373,0.39278694808077724,5
46427,415477,0.4034789065279861,5
46428,416179,0.39348318621651907,5
46429,416883,0.41820835517774246,5
46430,417069,0.4092955105509992,5
46431,417158,0.4092955105509993,5
46432,417333,0.3967669575157144,5
46433,417488,0.4058894331637704,5
46434,417606,0.41426061444701046,5
46435,418310,0.40374357910896347,5
46436,419010,0.43042963640404164,5
46437,419714,0.4304296364040417,5
46438,419861,0.41650493461244675,5
46439,420563,0.40648240713056,5
46440,420676,0.4165049346124467,5
46441,421378,0.4104841543933231,5
46442,422078,0.4165049346124467,5
46443,422780,0.3811602171888327,5
46444,423482,0.3621269254542293,5
46445,424184,0.35045633837131945,5
46446,424361,0.40273619119721443,5
46447,425063,0.3400475391483463,5
46448,425767,0.36392843730401075,5
46449,426467,0.36392843730401075,5
46450,427169,0.39650647011981915,5
46451,427871,0.3828175320049855,5
46452,428575,0.40538614214032503,5
46453,428736,0.40538614214032503,5
46454,429436,0.39650647011981915,5
46455,430136,0.40538614214032503,5
46456,430354,0.3937736970957214,5
46457,430488,0.39377369709572146,5
46458,430600,0.37613013752403557,5
46459,431302,0.3512808062064903,5
46460,432004,0.3657301611632898,5
46461,432706,0.37613013752403557,5
46462,433406,0.3512808062064903,5
46463,434108,0.3593484869550083,5
46464,434810,0.36936099969001535,5
46465,435510,0.3593484869550083,5
46466,435679,0.33547359320467274,5
46467,435873,0.32672287279387435,5
46468,436575,0.34528984502294274,5
46469,436785,0.31891300537030715,5
46470,436915,0.32672287279387435,5
46471,437617,0.30699549798533143,5
46472,438319,0.29648970133561797,5
46473,438467,0.2897928448255334,5
46474,439167,0.28979284482553347,5
46475,439869,0.30757105196823853,5
46476,440571,0.2991710016781668,5
46477,440689,0.30757105196823853,5
46478,440841,0.2991710016781668,5
46479,440987,0.31731967405140366,5
46480,441689,0.3006730246394976,5
46481,442391,0.3190923962788667,5
46482,443091,0.3173196740514036,5
46483,443793,0.3060331060928834,5
46484,444495,0.29924511176907254,5
46485,445195,0.32160632685102886,5
46486,445899,0.3216063268510288,5
46487,446011,0.3130590603123831,5
46488,446163,0.3130590603123832,5
46489,446272,0.3301542979922967,5
46490,446418,0.34604692193684844,5
46491,446582,0.33801763506756227,5
46492,447284,0.3281369479931643,5
46493,447444,0.3433081875342471,5
46494,448146,0.34350158780845663,5
46495,448846,0.3433081875342471,5
46496,448981,0.35225562631462004,5
46497,449683,0.35592422424728615,5
46498,449795,0.37969889484862285,5
46499,450497,0.39138185768668154,5
46500,450649,0.3682970099883571,5
46501,451353,0.33830323907643506,5
46502,451518,0.40885944514073097,5
46503,451716,0.40048642816284347,5
46504,451863,0.41655979171788826,5
46505,452053,0.4096342704390472,5
46506,452753,0.4165597917178882,5
46507,453453,0.4096342704390472,5
46508,453602,0.40963427043904715,5
46509,453764,0.4096342704390472,5
46510,453908,0.4096342704390472,5
46511,454608,0.43594989627335995,5
46512,455308,0.4096342704390472,5
46513,455458,0.4431129828286318,5
46514,456162,0.43594989627336,5
46515,456363,0.4253555398681757,5
46516,457063,0.4253555398681757,5
46517,457214,0.4326025379353818,5
46518,457916,0.4342855237666958,5
46519,458105,0.431279581486849,5
46520,458807,0.42393702911996,5
46521,459507,0.4312795814868489,5
46522,459660,0.42321094064378306,5
46523,460362,0.4311593006452836,5
46524,461062,0.4367876843813946,5
46525,461254,0.42945832714914306,5
46526,461435,0.4367876843813946,5
46527,461583,0.43678768438139465,5
46528,461829,0.4228458636499473,5
46529,462531,0.43475224878943075,5
46530,463235,0.43625635664243817,5
46531,463621,0.42421399366713747,5
46532,464323,0.4300480266768251,5
46533,464435,0.42394417120246897,5
46534,464584,0.42771958947311334,5
46535,465286,0.423944171202469,5
46536,465477,0.42243152261009315,5
46537,465568,0.4540593316382985,5
46538,466272,0.45048748130740596,5
46539,466429,0.4500365243288982,5
46540,466577,0.457406184765569,5
46541,467281,0.4573569621674258,5
46542,467470,0.44342017976619563,5
46543,467679,0.43743701830849774,5
46544,468383,0.46509378714195976,5
46545,468542,0.4650937871419598,5
46546,469246,0.4747843663767102,5
46547,469948,0.4456423981798111,5
46548,470652,0.4698979011719332,5
46549,470879,0.4456423981798111,5
46550,470979,0.47599132379870746,5
46551,471081,0.47599132379870746,5
46552,471785,0.498020047603471,5
46553,472487,0.5048965093692853,5
46554,472583,0.5095096009863944,5
46555,473285,0.5094156785926268,5
46556,473985,0.498020047603471,5
46557,474080,0.5134373366682459,5
46558,474780,0.5048965093692853,5
46559,474914,0.5134373366682458,5
46560,475616,0.5128139333835795,5
46561,475836,0.499277266888021,5
46562,476540,0.4843926160645775,5
46563,477242,0.45646857542006336,5
46564,477523,0.47408306087795116,5
46565,478223,0.5128139333835795,5
46566,478927,0.480459288347567,5
46567,479627,0.480459288347567,5
46568,479760,0.4687870961783098,5
46569,479854,0.4687870961783098,5
46570,480010,0.4687870961783097,5
46571,480710,0.47399451704217077,5
46572,480874,0.47399451704217077,5
46573,481578,0.4813648345707506,5
46574,481718,0.48136483457075063,5
46575,482418,0.4813648345707506,5
46576,482611,0.4483852902796881,5
46577,483313,0.4594049418140355,5
46578,483416,0.4553205425484503,5
46579,483513,0.46170757192185924,5
46580,484213,0.4553205425484503,5
46581,484915,0.45765223240847963,5
46582,485093,0.4476872532816418,5
46583,485244,0.45765223240847963,5
46584,485359,0.4476872532816417,5
46585,485446,0.4476872532816417,5
46586,485646,0.4476872532816417,5
46587,486346,0.4593386690018185,5
46588,486437,0.45933866900181863,5
46589,486582,0.45374507140781073,5
46590,487282,0.4593386690018186,5
46591,487982,0.4593386690018186,5
46592,488684,0.4685158454833738,5
46593,489388,0.4732976110685986,5
46594,489551,0.46366206697072343,5
46595,490251,0.4636620669707234,5
46596,490400,0.4636620669707234,5
46597,490547,0.458223204373206,5
46598,490733,0.45435919810352104,5
46599,490829,0.4593767666920321,5
46600,490996,0.4543591981035211,5
46601,491146,0.4889236749137489,5
46602,491302,0.4889236749137489,5
46603,492002,0.493260552174903,5
46604,492168,0.49326055217490306,5
46605,492872,0.48424851228357196,5
46606,493101,0.493260552174903,5
46607,493217,0.49326055217490306,5
46608,493917,0.493260552174903,5
46609,494152,0.4539965318440655,5
46610,494298,0.4442153837136059,5
46611,494998,0.4539965318440656,5
46612,495087,0.4442153837136059,5
46613,495248,0.4442153837136059,5
46614,495950,0.4648489833803876,5
46615,496121,0.4353988921223158,5
46616,496825,0.46045400735736647,5
46617,497525,0.46730817012291676,5
46618,498227,0.4636518309779572,5
46619,498929,0.44932445202472704,5
46620,499083,0.438874970921962,5
46621,499228,0.4701030070487942,5
46622,499374,0.4673081701229168,5
46623,499464,0.43733007588104716,5
46624,499633,0.42946715707412253,5
46625,499774,0.44455732926432173,5
46626,500478,0.4691389805540777,5
46627,500629,0.44356170253021315,5
46628,501331,0.437334851210327,5
46629,501480,0.4469849540565571,5
46630,502182,0.4435617025302131,5
46631,502375,0.44484831668431896,5
46632,502483,0.4558276226296127,5
46633,502623,0.45292019881434104,5
46634,502722,0.4529201988143411,5
46635,502872,0.4294379459966946,5
46636,503572,0.42943794599669455,5
46637,503734,0.4380214721956296,5
46638,503837,0.43802147219562965,5
46639,504539,0.4392944431967878,5
46640,504721,0.44415118025942346,5
46641,504872,0.45313071524265686,5
46642,505020,0.44589865711940047,5
46643,505135,0.44264944756311186,5
46644,505240,0.44264944756311186,5
46645,505381,0.4360530112075414,5
46646,505525,0.4487202583040952,5
46647,505714,0.4413679385300954,5
46648,505843,0.4347262924903975,5
46649,506007,0.43472629249039746,5
46650,506103,0.4347262924903975,5
46651,506203,0.4347262924903975,5
46652,506903,0.4464096106851856,5
46653,507607,0.4464096106851856,5
46654,507753,0.4281829396557264,5
46655,508455,0.4200409662164646,5
46656,508604,0.4514863466462673,5
46657,509308,0.44395353058772896,5
46658,510010,0.4484856339371816,5
46659,510710,0.44848563393718155,5
46660,510812,0.46484064525956736,5
46661,511516,0.45783514362360755,5
46662,511633,0.4648406452595675,5
46663,511794,0.4556282483660983,5
46664,511913,0.46204281684907345,5
46665,512031,0.4818629700179111,5
46666,512130,0.48186297001791106,5
46667,512830,0.4818629700179111,5
46668,512945,0.4818629700179111,5
46669,513649,0.481862970017911,5
46670,513821,0.48186297001791106,5
46671,513962,0.47160471644854907,5
46672,514662,0.4716047164485491,5
46673,514808,0.4775161996918131,5
46674,514919,0.4775161996918131,5
46675,515621,0.44580778334956145,5
46676,515769,0.45326432778161796,5
46677,515958,0.46706943768934756,5
46678,516662,0.4758711191684578,5
46679,516776,0.45326432778161785,5
46680,516935,0.4532643277816179,5
46681,517635,0.4532643277816178,5
46682,517819,0.45326432778161785,5
46683,518519,0.45326432778161785,5
46684,518712,0.45326432778161785,5
46685,518884,0.4453445697904368,5
46686,519058,0.4381871428997006,5
46687,519760,0.4517872871190088,5
46688,520460,0.45178728711900884,5
46689,520554,0.45178728711900873,5
46690,520703,0.46931043968649067,5
46691,520804,0.47912963191687147,5
46692,521508,0.4785039720187101,5
46693,521603,0.4834898626688876,5
46694,521721,0.4744153539966709,5
46695,521866,0.4834898626688876,5
46696,522566,0.48348986266888766,5
46697,523266,0.4834898626688876,5
46698,523438,0.4751540180072802,5
46699,523534,0.4791461419724043,5
46700,524238,0.49069158487549247,5
46701,524397,0.47914614197240435,5
46702,524496,0.4791461419724043,5
46703,525198,0.47350822947535287,5
46704,525374,0.47914614197240435,5
46705,525564,0.47538305832470207,5
46706,525675,0.48433791403040916,5
46707,525789,0.4753830583247021,5
46708,525948,0.47538305832470207,5
46709,526096,0.4801644807929853,5
46710,526272,0.47205684703229867,5
46711,526437,0.4647195910391711,5
46712,526623,0.4580768239309007,5
46713,526720,0.4897734419115698,5
46714,527424,0.485353437288442,5
46715,527568,0.49386264970676774,5
46716,527671,0.49765239322566907,5
46717,527827,0.4897734419115698,5
46718,528015,0.4889023571773574,5
46719,528715,0.497652393225669,5
46720,529415,0.4889023571773573,5
46721,530117,0.4712011358222088,5
46722,530233,0.4763602756468324,5
46723,530381,0.4684560014462385,5
46724,530479,0.4763602756468324,5
46725,530633,0.46845600144623845,5
46726,530746,0.46604314514917455,5
46727,530930,0.46130447556133036,5
46728,531090,0.4453026471295028,5
46729,531188,0.44530264712950274,5
46730,531890,0.4382025516897211,5
46731,532592,0.41896109653338276,5
46732,532699,0.4518167026200212,5
46733,532914,0.41262685635784174,5
46734,533616,0.4257499727214755,5
46735,533772,0.4126268563578418,5
46736,533924,0.4126268563578418,5
46737,534624,0.41262685635784174,5
46738,534772,0.4126268563578418,5
46739,534888,0.4395380394484797,5
46740,535592,0.4395380394484797,5
46741,535710,0.4395380394484797,5
46742,536410,0.43953803944847963,5
46743,536560,0.4486092425608106,5
46744,536718,0.4440814421005229,5
46745,537422,0.4527646306885694,5
46746,537649,0.43624351251815613,5
46747,538349,0.4362435125181562,5
46748,539049,0.43624351251815613,5
46749,539749,0.44408144210052297,5
46750,540449,0.43624351251815613,5
46751,540634,0.42916512882760016,5
46752,541334,0.4291651288276002,5
46753,541426,0.43738908511251584,5
46754,542126,0.4291651288276002,5
46755,542274,0.44492351169759087,5
46756,542377,0.4518287739183444,5
46757,542525,0.4373890851125158,5
46758,542665,0.4518287739183444,5
46759,542761,0.4518287739183444,5
46760,542917,0.4518287739183445,5
46761,543617,0.4518287739183444,5
46762,543811,0.4453580361562224,5
46763,544511,0.4453580361562224,5
46764,544655,0.8561169543314868,6
46765,545355,0.44535803615622244,5
46766,545621,0.4717699540983837,6
46767,545719,0.47176995409838357,6
46768,546523,0.47074609262555067,6
46769,547225,0.48452668695800105,6
46770,548029,0.48452668695800105,6
46771,548731,0.4707460926255507,6
46772,548884,0.49046010320191885,6
46773,549588,0.47275514154419873,6
46774,549730,0.4797504048033969,6
46775,550534,0.4944588741730425,6
46776,550765,0.5008204442883583,6
46777,551467,0.5008204442883583,6
46778,551571,0.5058018067700959,6
46779,552375,0.5058018067700959,6
46780,553179,0.5074193086336877,6
46781,553438,0.4982199467212124,6
46782,553744,0.4959704156431183,6
46783,553968,0.5136983913667995,6
46784,554157,0.5194687804496285,6
46785,554961,0.5242766717795552,6
46786,555765,0.520404201828373,6
46787,556569,0.5310872872977134,6
46788,556712,0.5080952720157372,6
46789,557416,0.5080952720157372,6
46790,557583,0.5194687804496285,6
46791,558285,0.5080952720157372,6
46792,558987,0.5080952720157371,6
46793,559257,0.497502074997298,6
46794,560061,0.5084522130664,6
46795,560763,0.49750207499729804,6
46796,561567,0.5242575628610886,6
46797,562371,0.49005497339330156,6
46798,562524,0.530991569381604,6
46799,562675,0.5309915693816041,6
46800,563479,0.5360858797760767,6
46801,563630,0.5360858797760767,6
46802,563916,0.5421781611063067,6
46803,564720,0.5375389426891607,6
46804,565524,0.5619795922100836,6
46805,565628,0.5651539526139574,6
46806,566432,0.5651539526139574,6
46807,566579,0.5783386910562706,6
46808,566858,0.565938602715567,6
46809,567662,0.5728990375065921,6
46810,567763,0.565938602715567,6
46811,568467,0.5791299547422945,6
46812,569271,0.5789141328482401,6
46813,569529,0.5665313501749855,6
46814,570233,0.5495066622097199,6
46815,570448,0.5381485895505554,6
46816,570574,0.5399948203195465,6
46817,571278,0.5162059207841797,6
46818,571433,0.5483000313668409,6
46819,572237,0.5625768771043808,6
46820,573041,0.5399948203195466,6
46821,573129,0.5625768771043806,6
46822,573933,0.5507549342960297,6
46823,574116,0.5767682905566787,6
46824,574318,0.5632354371989061,6
46825,574472,0.5700321225149847,6
46826,574589,0.563235437198906,6
46827,575393,0.5664497427463786,6
46828,575525,0.5664497427463786,6
46829,575671,0.5632354371989061,6
46830,576475,0.5845011041907733,6
46831,577177,0.5664497427463786,6
46832,577981,0.5785338469879239,6
46833,578144,0.5795011550124123,6
46834,578948,0.5940495810251573,6
46835,579650,0.5940495810251573,6
46836,579799,0.5795011550124124,6
46837,580501,0.5795011550124124,6
46838,580718,0.5795011550124124,6
46839,580870,0.5855810489171469,6
46840,581572,0.5795011550124124,6
46841,581679,0.5855810489171469,6
46842,581951,0.5910826110385154,6
46843,582655,0.593655703088865,6
46844,583357,0.5910826110385154,6
46845,583510,0.5936557030888648,6
46846,584212,0.5910826110385153,6
46847,584372,0.5980265655046122,6
46848,585074,0.5980265655046123,6
46849,585254,0.602000847961763,6
46850,585494,0.5889272650684225,6
46851,585639,0.5889272650684226,6
46852,586341,0.5889272650684225,6
46853,587043,0.5889272650684225,6
46854,587219,0.5769868333212561,6
46855,587364,0.5806743032262587,6
46856,587512,0.6030037246411013,6
46857,588316,0.6030037246411012,6
46858,589120,0.5955831967413603,6
46859,589924,0.6051122654987512,6
46860,590728,0.5935829073456268,6
46861,591532,0.602923547664875,6
46862,591777,0.5825758297249397,6
46863,592581,0.5965249997683908,6
46864,593385,0.6180865484545864,6
46865,593529,0.5866290058989837,6
46866,593711,0.604912747802001,6
46867,593857,0.5866290058989836,6
46868,594561,0.58095276747173,6
46869,595265,0.5843530083656217,6
46870,595967,0.5567245539669201,6
46871,596671,0.5567245539669202,6
46872,596842,0.5672146676520892,6
46873,597646,0.5593285796150825,6
46874,598350,0.5718937993754134,6
46875,598504,0.5718937993754134,6
46876,598733,0.578188282158063,6
46877,599014,0.5658453739004857,6
46878,599223,0.5937739608962362,6
46879,599925,0.5658453739004858,6
46880,600729,0.5881108126001388,6
46881,601533,0.5952309121247985,6
46882,601791,0.5820379115629672,6
46883,602595,0.5853697398817034,6
46884,602698,0.602330253894757,6
46885,602849,0.5872170956074075,6
46886,603653,0.602330253894757,6
46887,603996,0.602330253894757,6
46888,604141,0.6069762270145092,6
46889,604843,0.6069762270145092,6
46890,605057,0.5939422616237914,6
46891,605250,0.5982110504395238,6
46892,605952,0.5982110504395238,6
46893,606756,0.5964107221805702,6
46894,606916,0.6003021773414374,6
46895,607061,0.6034944313371956,6
46896,607865,0.6034944313371956,6
46897,608669,0.6020031541021569,6
46898,609371,0.6020031541021569,6
46899,610175,0.620785264352891,6
46900,610979,0.6225638970404069,6
46901,611783,0.6190151157817303,6
46902,611928,0.626036725365473,6
46903,612732,0.6143739426191405,6
46904,613536,0.6176637736040008,6
46905,614240,0.5928871749098146,6
46906,614328,0.6106259449320665,6
46907,614547,0.5984161176053368,6
46908,615351,0.6117934234356034,6
46909,616155,0.6106259449320665,6
46910,616857,0.5984161176053368,6
46911,617661,0.597304036782813,6
46912,618465,0.605660115652093,6
46913,618610,0.597304036782813,6
46914,619414,0.608735489820894,6
46915,620116,0.6116723701487701,6
46916,620920,0.605424315420014,6
46917,621038,0.605424315420014,6
46918,621842,0.6116723701487702,6
46919,622098,0.5945794650879528,6
46920,622800,0.5971933049199534,6
46921,623504,0.5971933049199533,6
46922,623690,0.5917109256564526,6
46923,623838,0.5872695321448086,6
46924,624642,0.6019135789701526,6
46925,624789,0.6059242250366929,6
46926,625057,0.5872695321448085,6
46927,625761,0.6022677766549143,6
46928,625859,0.5923801064242267,6
46929,626077,0.5923801064242267,6
46930,626779,0.6022677766549143,6
46931,627481,0.5923801064242268,6
46932,627680,0.5833142320422895,6
46933,628013,0.575004523144471,6
46934,628163,0.578828148284787,6
46935,628865,0.575004523144471,6
46936,629009,0.5788281482847871,6
46937,629204,0.5823235605898792,6
46938,629342,0.5823235605898792,6
46939,630044,0.5849076598257679,6
46940,630177,0.580515464064576,6
46941,630981,0.5849076598257679,6
46942,631114,0.580515464064576,6
46943,631375,0.5773044405856246,6
46944,631472,0.5608211782064755,6
46945,632176,0.5608211782064755,6
46946,632321,0.5656349666721753,6
46947,633125,0.568875747637027,6
46948,633827,0.5656349666721754,6
46949,633935,0.5656349666721753,6
46950,634739,0.56734557680922,6
46951,634937,0.5802095032481619,6
46952,635169,0.5724096129059382,6
46953,635973,0.5802095032481619,6
46954,636132,0.5652512075614498,6
46955,636936,0.5769309184375901,6
46956,637087,0.5586784887947693,6
46957,637309,0.5586784887947692,6
46958,637481,0.5812854167169756,6
46959,637580,0.5812854167169755,6
46960,638282,0.57693091843759,6
46961,638984,0.5812854167169758,6
46962,639686,0.5791253888676878,6
46963,640388,0.5831004694720388,6
46964,640565,0.5831004694720389,6
46965,640751,0.5831004694720389,6
46966,641555,0.5791253888676877,6
46967,641782,0.575893065878758,6
46968,641925,0.5831004694720388,6
46969,642092,0.57953928725275,6
46970,642191,0.57953928725275,6
46971,642895,0.5653011844162266,6
46972,643699,0.5735662449336671,6
46973,644401,0.5653011844162266,6
46974,645105,0.5452247239355819,6
46975,645374,0.5378460487129167,6
46976,646076,0.5452247239355819,6
46977,646204,0.5378460487129167,6
46978,646906,0.5319910880320141,6
46979,647710,0.5319910880320141,6
46980,648514,0.550682299910152,6
46981,649216,0.550682299910152,6
46982,649918,0.5767820896248983,6
46983,650722,0.5767820896248983,6
46984,651424,0.5767820896248983,6
46985,652126,0.5861144673345335,6
46986,652930,0.5861144673345334,6
46987,653632,0.5861144673345334,6
46988,654334,0.5861144673345334,6
46989,654452,0.5861144673345334,6
46990,655154,0.5861144673345334,6
46991,655343,0.6018094095959089,6
46992,656147,0.5945820712688417,6
46993,656283,0.7834094972119565,7
46994,656985,0.7834094972119565,7
46995,657887,0.7501529475186227,7
46996,658789,0.7621143349846672,7
46997,659593,0.7876391395364765,7
46998,660495,0.759354877107434,7
46999,661299,0.7456388879421659,7
47000,661474,0.7287164358948486,7
47001,661650,0.7287164358948486,7
47002,661910,0.7135181799204815,7
47003,662714,0.6930739866319503,7
47004,662893,0.699660235358518,7
47005,663209,0.686914019489686,7
47006,663516,0.681409869016609,7
47007,663834,0.7105348776306342,7
47008,664538,0.7105348776306342,7
47009,665440,0.700655889510655,7
47010,665721,0.7020530791216915,7
47011,666623,0.704131884137171,7
47012,667427,0.6909035121709002,7
47013,667644,0.7020530791216913,7
47014,668546,0.7169037577016829,7
47015,669448,0.7173787603126875,7
47016,670350,0.7140841611401755,7
47017,670545,0.6839040913525416,7
47018,670740,0.6985439678281785,7
47019,671544,0.6989961161822758,7
47020,672348,0.6789392731259122,7
47021,673152,0.6743303512591563,7
47022,673396,0.6685600064434691,7
47023,674298,0.68334894451075,7
47024,675102,0.677487703045354,7
47025,676004,0.6817194430594449,7
47026,676808,0.6941933371160577,7
47027,677710,0.7090300731830902,7
47028,678612,0.6775572050759581,7
47029,679514,0.7218467603257541,7
47030,679699,0.7047123987761938,7
47031,680601,0.6843388212543828,7
47032,681503,0.6925072360374334,7
47033,682405,0.6921783840026612,7
47034,683307,0.7052166051294293,7
47035,684209,0.7030503257651702,7
47036,685111,0.7071019506104187,7
47037,686013,0.7087371620028493,7
47038,686246,0.7194956495394959,7
47039,686489,0.7290666875204703,7
47040,686677,0.7194956495394957,7
47041,687151,0.7164800357876479,7
47042,687955,0.721348820154375,7
47043,688759,0.7218620429759407,7
47044,688943,0.7051911755919948,7
47045,689845,0.7337249448834976,7
47046,690099,0.7051911755919947,7
47047,691001,0.7008080327001946,7
47048,691805,0.6971423822905144,7
47049,692609,0.7022269030192634,7
47050,692806,0.7064445111735173,7
47051,693132,0.6873814306184267,7
47052,693836,0.7022269030192634,7
47053,694540,0.6873814306184267,7
47054,694803,0.6734377627464916,7
47055,695037,0.6579545813732196,7
47056,695939,0.6678613137747351,7
47057,696841,0.6707298288201586,7
47058,697062,0.6634008355564796,7
47059,697866,0.6586037871370682,7
47060,698670,0.6454513185573517,7
47061,699474,0.6536963886431668,7
47062,699670,0.6333110974656467,7
47063,700572,0.6257136645425954,7
47064,701376,0.6178636742629642,7
47065,701636,0.6189601082561667,7
47066,701840,0.6294420580452362,7
47067,702066,0.6294976257721383,7
47068,702200,0.6189601082561667,7
47069,703102,0.6318176378070295,7
47070,703345,0.6219690731459864,7
47071,704247,0.6412792090459056,7
47072,704501,0.6201434978621189,7
47073,705305,0.6233962800217947,7
47074,705534,0.6201434978621189,7
47075,705738,0.6319497035449865,7
47076,706542,0.6069939921522728,7
47077,707246,0.6201434978621189,7
47078,707616,0.6207687544411254,7
47079,707869,0.6103465127191838,7
47080,708161,0.6212057676548294,7
47081,708427,0.625168142615247,7
47082,709329,0.6069556924006276,7
47083,710231,0.6153192186655426,7
47084,710409,0.6017482136626296,7
47085,711213,0.6017482136626296,7
47086,711350,0.5927948638489738,7
47087,711545,0.5844335708572385,7
47088,711728,0.592794863848974,7
47089,711964,0.5960729632898356,7
47090,712270,0.5883218754559224,7
47091,713074,0.5637460391436235,7
47092,713878,0.5655994199751956,7
47093,714045,0.5655994199751956,7
47094,714849,0.5430892736629666,7
47095,715069,0.5509954926467266,7
47096,715302,0.558379643883305,7
47097,715483,0.5611226549845988,7
47098,715690,0.5532443643692534,7
47099,715925,0.5532443643692534,7
47100,716827,0.5611226549845988,7
47101,717096,0.5670693806781372,7
47102,717800,0.5611226549845989,7
47103,717973,0.5795429381184873,7
47104,718247,0.5795429381184873,7
47105,718505,0.5908003753775507,7
47106,718759,0.583595157961313,7
47107,719463,0.5744329122389891,7
47108,720267,0.5799987739415522,7
47109,721071,0.5744329122389891,7
47110,721973,0.6069910011100245,7
47111,722777,0.6262578466259219,7
47112,723679,0.6305996664458408,7
47113,724483,0.6221792430293425,7
47114,724749,0.6325756075301657,7
47115,725048,0.6208436956384613,7
47116,725421,0.5997963776190701,7
47117,725626,0.6099354947670867,7
47118,725911,0.5857788434640875,7
47119,726715,0.5810927785132105,7
47120,727519,0.5733772768975484,7
47121,728421,0.601498402571145,7
47122,728657,0.6125452092762834,7
47123,729461,0.5944317252384875,7
47124,730363,0.6016911946066696,7
47125,731067,0.6016911946066698,7
47126,731969,0.5914682903380799,7
47127,732236,0.590032043635354,7
47128,732546,0.6019909511541897,7
47129,733250,0.6016911946066698,7
47130,733527,0.5912814435032223,7
47131,734429,0.6165685314911701,7
47132,735331,0.6167037983515483,7
47133,736233,0.5980210004514506,7
47134,736417,0.6165685314911701,7
47135,737121,0.6165685314911701,7
47136,737310,0.6165257427641804,7
47137,738212,0.6165257427641803,7
47138,738359,0.6165257427641803,7
47139,738527,0.6271533399494371,7
47140,739231,0.6165257427641803,7
47141,739466,0.6271533399494372,7
47142,739833,0.5968175716454516,7
47143,740637,0.6090461025639514,7
47144,741539,0.6063382828489193,7
47145,742441,0.6231730648469247,7
47146,742647,0.6173366302432439,7
47147,743451,0.605428758764953,7
47148,744353,0.6037508564513557,7
47149,744606,0.5937195833594743,7
47150,745508,0.6173366302432439,7
47151,745734,0.6274750977743938,7
47152,746438,0.6274750977743937,7
47153,747340,0.6163775188002699,7
47154,748242,0.6183278935885386,7
47155,749144,0.6309973199703063,7
47156,750046,0.6174807273023863,7
47157,750232,0.6057918254509236,7
47158,750435,0.6057918254509235,7
47159,750677,0.5906522650857865,7
47160,751481,0.6015339044615774,7
47161,751729,0.6017614127267095,7
47162,752631,0.6141353515756311,7
47163,753435,0.5793204839616197,7
47164,754337,0.5962304086954472,7
47165,754599,0.5837730185954064,7
47166,754835,0.5722545434502072,7
47167,755639,0.5868082772715049,7
47168,755927,0.5616069745437187,7
47169,756160,0.5737263099867655,7
47170,756468,0.5639433271589783,7
47171,757370,0.588801461690733,7
47172,758272,0.5761625730650561,7
47173,758428,0.6069545095175964,7
47174,759330,0.5827999169099288,7
47175,760232,0.6069545095175963,7
47176,760458,0.6009250058483081,7
47177,761360,0.6146311563015449,7
47178,762262,0.604836213574426,7
47179,762570,0.6079687231956933,7
47180,763274,0.6048362135744259,7
47181,763462,0.6079687231956934,7
47182,764266,0.5964751324591481,7
47183,764547,0.6301259358433408,7
47184,765449,0.6198872489626684,7
47185,765659,0.6446414076273294,7
47186,766561,0.6446414076273294,7
47187,767365,0.652881613453093,7
47188,767562,0.6520266527225934,7
47189,768464,0.6520266527225934,7
47190,768766,0.6378375978054889,7
47191,769002,0.6483604611273752,7
47192,769806,0.6633646760153952,7
47193,770708,0.6634931890795811,7
47194,771610,0.6542541795643796,7
47195,772512,0.614433494211136,7
47196,773316,0.6388837937767219,7
47197,773440,0.6011738396124909,7
47198,773755,0.6011738396124909,7
47199,773955,0.6106108564968692,7
47200,774102,0.6106108564968693,7
47201,774276,0.6106108564968692,7
47202,774628,0.5984453033953792,7
47203,775530,0.6205818354824381,7
47204,776432,0.6426417291252925,7
47205,777136,0.6426417291252925,7
47206,778038,0.6235339052663813,7
47207,778322,0.6533919742311689,7
47208,779126,0.6457121962348188,7
47209,779830,0.6533919742311689,7
47210,780123,0.6242648801384953,7
47211,780454,0.6242648801384955,7
47212,780714,0.6382864030918903,7
47213,781418,0.6533919742311689,7
47214,781679,0.6314815557591089,7
47215,782001,0.6185895482599489,7
47216,782299,0.6254713432323529,7
47217,783201,0.6188147442734093,7
47218,783430,0.6137036134106774,7
47219,784234,0.6065904954922706,7
47220,784558,0.6198484344147872,7
47221,785460,0.6121154599519609,7
47222,785611,0.6121154599519609,7
47223,786513,0.6254502154429485,7
47224,787217,0.6254502154429485,7
47225,788119,0.6199555355624093,7
47226,788398,0.6080974310396772,7
47227,789300,0.6290634752067483,7
47228,790104,0.6050704512353825,7
47229,790352,0.6175672121518353,7
47230,791254,0.6105787885575547,7
47231,791445,0.6256436456274571,7
47232,792347,0.6390005534574509,7
47233,792543,0.6132715975327329,7
47234,793445,0.6098421268076607,7
47235,794347,0.6188900193532904,7
47236,795249,0.6277792069659335,7
47237,795953,0.6277792069659335,7
47238,796757,0.6243941156663267,7
47239,797659,0.6453682605688182,7
47240,797813,0.6507308670065908,7
47241,798038,0.6507308670065909,7
47242,798940,0.6649883747366063,7
47243,799644,0.6783906011755906,7
47244,799935,0.6698015207212541,7
47245,800837,0.6783906011755906,7
47246,801641,0.6566797441392732,7
47247,801878,0.6633570785734774,7
47248,802780,0.6672426193465079,7
47249,803682,0.6428629248029701,7
47250,804584,0.6612379315172915,7
47251,805388,0.6444917209385834,7
47252,805669,0.6460333834500948,7
47253,806571,0.6477924262174183,7
47254,806826,0.6508610828777882,7
47255,806986,0.6604736843555653,7
47256,807690,0.6508610828777882,7
47257,807858,0.6604736843555652,7
47258,808760,0.6604736843555653,7
47259,809662,0.6393975007714573,7
47260,809972,0.6455136607253241,7
47261,810776,0.6268155844863981,7
47262,811004,0.6134161621238595,7
47263,811297,0.6134161621238595,7
47264,812101,0.628720306936507,7
47265,812254,0.6540222337881917,7
47266,812546,0.6540222337881917,7
47267,813448,0.6598706158520775,7
47268,814350,0.6285529914850062,7
47269,815252,0.6489066664910353,7
47270,816154,0.6651197568319867,7
47271,816347,0.6619699179325784,7
47272,817051,0.6651197568319867,7
47273,817953,0.6619699179325783,7
47274,818161,0.6523572184679323,7
47275,818328,0.6523572184679323,7
47276,818608,0.6476234383356764,7
47277,819510,0.6628014560494996,7
47278,819690,0.6670907296262516,7
47279,819986,0.6256001966419279,7
47280,820790,0.6401419930009074,7
47281,821023,0.6325743154345705,7
47282,821316,0.6325743154345705,7
47283,821502,0.6325743154345705,7
47284,821678,0.6256001966419279,7
47285,821970,0.6192062661867459,7
47286,822189,0.6068378801794074,7
47287,822401,0.5848510271008752,7
47288,822837,0.5954075235831148,7
47289,823112,0.5914913294411778,7
47290,823296,0.5914913294411779,7
47291,824000,0.5879026284155613,7
47292,824544,0.5817886509472177,7
47293,824794,0.5935036613947808,7
47294,825003,0.5879026284155613,7
47295,825219,0.5986437190276389,7
47296,825416,0.5986437190276388,7
47297,825682,0.6318377409026887,7
47298,826584,0.6272416432822175,7
47299,827388,0.6122020663095908,7
47300,827624,0.611021766813807,7
47301,828428,0.6038208604926036,7
47302,828609,0.6122020663095908,7
47303,829413,0.6130153175669798,7
47304,829591,0.6130153175669798,7
47305,830493,0.6342078266067659,7
47306,831395,0.6324718432650489,7
47307,832199,0.6060299532617464,7
47308,833003,0.5909481595267094,7
47309,833183,0.592494329089164,7
47310,834085,0.6106582771040958,7
47311,834889,0.592494329089164,7
47312,835161,0.569067941685684,7
47313,835965,0.5851808446697419,7
47314,836149,0.5724467262155902,7
47315,837051,0.5884486607875332,7
47316,837855,0.5724467262155901,7
47317,838757,0.5768880088484875,7
47318,839461,0.591141600415213,7
47319,839697,0.6039619423077244,7
47320,839983,0.591141600415213,7
47321,840245,0.6154985128276319,7
47322,840502,0.5987874424297659,7
47323,840817,0.5833768098954105,7
47324,841719,0.568814890476477,7
47325,842621,0.5687573560559317,7
47326,843325,0.568814890476477,7
47327,843554,0.5796043489642435,7
47328,844456,0.5926509687710168,7
47329,845358,0.618373977966098,7
47330,846162,0.6135105841964954,7
47331,847064,0.630629952794231,7
47332,847283,0.6135105841964954,7
47333,848185,0.6085030755965198,7
47334,848989,0.6081654317106499,7
47335,849155,0.6081654317106499,7
47336,850057,0.6068495881022291,7
47337,850959,0.605750427904125,7
47338,851763,0.567362881399939,7
47339,852168,0.5820103203756019,7
47340,852396,0.567362881399939,7
47341,852594,0.5882581496429232,7
47342,852771,0.565836066705463,7
47343,853673,0.5809350814770251,7
47344,854575,0.5815096223610023,7
47345,855379,0.5845966528474467,7
47346,855561,0.5765946914262066,7
47347,856463,0.5781810120942836,7
47348,857365,0.5765946914262066,7
47349,857509,0.5765946914262066,7
47350,858313,0.571461298525037,7
47351,859215,0.5901874249670442,7
47352,859400,0.5799015040683415,7
47353,860302,0.5799015040683415,7
47354,860471,0.5638779914489656,7
47355,861275,0.5435388230986652,7
47356,861474,0.5435388230986651,7
47357,862376,0.5982704305553362,7
47358,863180,0.5346210423484832,7
47359,864082,0.5469154592425434,7
47360,864984,0.5457148939469213,7
47361,865172,0.5309608075811886,7
47362,865431,0.5474275201664798,7
47363,866235,0.5782151414425125,7
47364,867039,0.5743699920097342,7
47365,867843,0.56138405347089,7
47366,868745,0.5940769236214358,7
47367,868936,0.577832470025549,7
47368,869838,0.5926378085209,7
47369,870642,0.5751689353261144,7
47370,871544,0.6012878622644446,7
47371,871807,0.5836984895245844,7
47372,872709,0.5627299724901532,7
47373,872938,0.5880950469537728,7
47374,873259,0.5745864418448905,7
47375,873430,0.5745864418448905,7
47376,874134,0.5745864418448905,7
47377,874838,0.5745864418448905,7
47378,875542,0.5745864418448905,7
47379,876246,0.5885861684689313,7
47380,877148,0.5885861684689314,7
47381,877412,0.5992047664402526,7
47382,878314,0.5819468006794942,7
47383,878506,0.5792576056701172,7
47384,879310,0.5942414768788224,7
47385,880114,0.5558609613557538,7
47386,880406,0.5684746732305684,7
47387,881118,0.5546092643173112,7
47388,881305,0.5660995159054477,7
47389,882009,0.5546092643173112,7
47390,882713,0.5546092643173111,7
47391,882919,0.5765058554250949,7
47392,883213,0.5859372919486208,7
47393,884017,0.5751182302335445,7
47394,884202,0.5747190151578707,7
47395,885006,0.5787891006512695,7
47396,885177,0.5787891006512697,7
47397,886079,0.5747190151578707,7
47398,886981,0.5794011769697581,7
47399,887234,0.5665266018643743,7
47400,887938,0.5665266018643743,7
47401,888124,0.5552481878029887,7
47402,888828,0.5665266018643742,7
47403,889190,0.5294225974077779,7
47404,889994,0.5398477947154965,7
47405,890165,0.5552481878029887,7
47406,890506,0.5400319854027906,7
47407,891310,0.5345939870430625,7
47408,892014,0.5345939870430625,7
47409,892916,0.5465672144417918,7
47410,893620,0.5465672144417918,7
47411,894324,0.5542420877250742,7
47412,895226,0.5542420877250742,7
47413,895517,0.5633444421290081,7
47414,895784,0.5565717800397467,7
47415,896488,0.5633444421290081,7
47416,896700,0.5614777152802211,7
47417,896974,0.5531538158688806,7
47418,897778,0.5493947054522592,7
47419,898482,0.5241353116342611,7
47420,898895,0.514680779509433,7
47421,899699,0.5241353116342611,7
47422,899925,0.5059932552514507,7
47423,900081,0.5059932552514506,7
47424,900310,0.5059932552514506,7
47425,900547,0.5173864024184244,7
47426,900908,0.5045969758833885,7
47427,901712,0.5125843561854703,7
47428,901875,0.5045969758833884,7
47429,902139,0.49724028857193664,7
47430,902374,0.4879963822654049,7
47431,902556,0.48799638226540487,7
47432,903360,0.4879963822654049,7
47433,903499,0.5072795556354361,7
47434,904401,0.5072795556354361,7
47435,905105,0.5072795556354361,7
47436,905909,0.490148295488571,7
47437,906109,0.49014829548857103,7
47438,906383,0.49858018933055154,7
47439,906603,0.502398600097801,7
47440,906897,0.513550353802776,7
47441,907090,0.5359897148784678,7
47442,907992,0.5359897148784677,7
47443,908894,0.5243694652193942,7
47444,909135,0.535363123834242,7
47445,909839,0.5262428876073281,7
47446,910643,0.5262428876073281,7
47447,911545,0.5426598596492739,7
47448,912447,0.5580499295846224,7
47449,912641,0.5679472406825528,7
47450,913543,0.5686814338081307,7
47451,913782,0.5776621358519218,7
47452,914586,0.541826308318506,7
47453,915390,0.5663350475140394,7
47454,915575,0.5418263083185061,7
47455,915748,0.5418263083185061,7
47456,916552,0.5291162212174276,7
47457,916849,0.5171487076766424,7
47458,917553,0.5171487076766423,7
47459,917760,0.5302662661842152,7
47460,918464,0.5171487076766424,7
47461,918639,0.5171487076766424,7
47462,919443,0.541253914043228,7
47463,920247,0.58365944173635,7
47464,921149,0.5649300724767053,7
47465,921307,0.5836594417363499,7
47466,921481,0.58365944173635,7
47467,922185,0.58365944173635,7
47468,923087,0.6043768179754623,7
47469,923989,0.6058861349694923,7
47470,924891,0.6199142534845654,7
47471,925793,0.6282231412460568,7
47472,925956,0.6282231412460567,7
47473,926858,0.6191207337839714,7
47474,927073,0.6030291369517802,7
47475,927337,0.5881925681601495,7
47476,928239,0.5984400829186531,7
47477,929141,0.5912969893072614,7
47478,929319,0.5984400829186531,7
47479,930221,0.6133071783281793,7
47480,930431,0.6259171185270039,7
47481,931333,0.6181713580573335,7
47482,931481,0.625917118527004,7
47483,931735,0.6259171185270039,7
47484,932637,0.6241619798483705,7
47485,932904,0.6376322714009274,7
47486,933806,0.609469232644289,7
47487,933961,0.6222137612900586,7
47488,934187,0.6312136228381465,7
47489,934314,0.6222137612900586,7
47490,935018,0.6284014777966197,7
47491,935920,0.6417628445444545,7
47492,936822,0.6284014777966197,7
47493,937060,0.6475858092069935,7
47494,937357,0.6318913496052947,7
47495,938259,0.6462042358662268,7
47496,938477,0.61736568623784,7
47497,938829,0.6039529866744726,7
47498,939058,0.6173656862378402,7
47499,939283,0.6095329570588558,7
47500,940185,0.6303143797085948,7
