train_episode,train_steps,median_history,env
45251,45385,1.0,0
45252,45496,1.0,3
45253,45653,1.0,3
45254,45796,1.0,1
45255,45880,1.0,1
45256,46003,1.0,1
45257,46063,1.0,0
45258,46195,1.0,1
45259,46295,1.0,1
45260,46584,1.0,12
45261,46691,1.0,0
45262,46814,1.0,1
45263,46881,1.0,0
45264,46984,1.0,1
45265,47146,1.0,0
45266,47722,1.0,0
45267,47896,1.0,1
45268,48474,1.0,1
45269,48525,1.0,0
45270,49103,1.0,1
45271,49291,1.0,1
45272,49362,1.0,0
45273,49486,1.0,1
45274,49614,1.0,1
45275,49694,1.0,0
45276,50272,1.0,1
45277,50380,1.0,0
45278,50470,1.0,0
45279,50562,1.0,1
45280,50704,1.0,0
45281,50796,1.0,0
45282,50930,1.0,1
45283,51013,1.0,0
45284,51591,1.0,1
45285,51682,1.0,1
45286,51831,1.0,1
45287,51961,1.0,0
45288,52102,1.0,0
45289,52255,1.0,0
45290,52378,1.0,0
45291,52954,1.0,0
45292,53025,1.0,0
45293,53601,1.0,0
45294,53744,1.0,1
45295,53805,1.0,1
45296,53909,1.0,0
45297,54031,1.0,1
45298,54090,1.0,0
45299,54231,1.0,0
45300,54409,1.0,0
45301,54524,1.0,1
45302,54584,1.0,1
45303,54704,1.0,0
45304,54812,1.0,1
45305,54922,1.0,0
45306,54993,1.0,0
45307,55569,1.0,0
45308,55662,1.0,0
45309,56238,1.0,0
45310,56317,1.0,0
45311,56446,1.0,1
45312,56526,1.0,0
45313,56617,1.0,0
45314,57195,1.0,1
45315,57339,1.0,1
45316,57447,1.0,0
45317,58023,1.0,0
45318,58147,1.0,1
45319,58208,1.0,0
45320,58348,1.0,0
45321,58455,1.0,1
45322,58557,1.0,1
45323,59135,1.0,1
45324,59213,1.0,1
45325,59357,1.0,1
45326,59432,1.0,1
45327,59579,1.0,1
45328,59716,1.0,0
45329,59775,1.0,0
45330,59925,1.0,1
45331,60503,1.0,1
45332,60559,1.0,1
45333,61137,1.0,1
45334,61713,1.0,0
45335,61876,1.0,1
45336,62001,1.0,1
45337,62059,1.0,1
45338,62196,1.0,0
45339,62254,1.0,0
45340,62832,1.0,1
45341,62937,1.0,0
45342,63028,1.0,1
45343,63172,1.0,1
45344,63253,1.0,0
45345,63371,1.0,1
45346,63514,1.0,0
45347,63572,1.0,0
45348,63698,1.0,1
45349,64276,1.0,1
45350,64334,1.0,1
45351,64395,1.0,0
45352,64504,1.0,0
45353,64578,1.0,0
45354,64722,1.0,1
45355,65300,1.0,1
45356,65878,1.0,1
45357,65988,1.0,0
45358,66128,1.0,0
45359,66704,1.0,0
45360,66790,1.0,1
45361,66884,1.0,1
45362,67460,1.0,0
45363,68036,1.0,0
45364,68094,1.0,0
45365,68670,1.0,0
45366,68817,1.0,1
45367,68877,1.0,0
45368,68988,1.0,0
45369,69566,1.0,1
45370,69686,1.0,0
45371,70264,1.0,1
45372,70456,1.0,1
45373,70530,1.0,0
45374,70669,1.0,0
45375,71245,1.0,0
45376,71320,1.0,0
45377,71896,1.0,0
45378,72472,1.0,0
45379,72617,1.0,0
45380,73193,1.0,0
45381,73320,1.0,1
45382,73378,1.0,1
45383,73463,1.0,0
45384,73554,1.0,0
45385,73662,1.0,0
45386,73749,1.0,0
45387,74327,1.0,1
45388,74905,1.0,1
45389,74967,1.0,0
45390,75064,1.0,0
45391,75208,1.0,1
45392,75266,1.0,1
45393,75371,1.0,0
45394,75485,1.0,1
45395,76063,1.0,1
45396,76641,1.0,1
45397,76776,1.0,1
45398,76851,1.0,0
45399,76992,1.0,0
45400,77077,1.0,1
45401,77174,1.0,1
45402,77279,1.0,1
45403,77334,1.0,1
45404,77910,1.0,0
45405,78029,1.0,0
45406,78103,1.0,0
45407,78169,1.0,1
45408,78303,1.0,1
45409,78442,1.0,0
45410,78558,1.0,1
45411,78640,1.0,1
45412,79216,1.0,0
45413,79262,1.0,0
45414,79359,1.0,1
45415,79420,1.0,0
45416,79546,1.0,1
45417,79693,1.0,1
45418,79775,1.0,1
45419,79917,1.0,1
45420,80495,1.0,1
45421,80552,1.0,1
45422,81128,1.0,0
45423,81273,1.0,0
45424,81378,1.0,0
45425,81448,1.0,1
45426,81507,1.0,1
45427,81587,1.0,0
45428,81733,1.0,1
45429,81828,1.0,0
45430,81886,1.0,0
45431,81938,1.0,0
45432,82052,1.0,1
45433,82197,1.0,0
45434,82307,1.0,0
45435,82451,1.0,1
45436,83029,1.0,1
45437,83157,1.0,1
45438,83297,1.0,0
45439,83873,1.0,0
45440,83964,1.0,0
45441,84069,1.0,0
45442,84647,1.0,1
45443,84727,1.0,0
45444,84872,1.0,0
45445,84932,1.0,0
45446,84998,1.0,1
45447,85092,1.0,0
45448,85162,1.0,0
45449,85305,1.0,0
45450,85380,1.0,0
45451,85481,1.0,0
45452,85560,1.0,0
45453,86136,1.0,0
45454,86240,1.0,1
45455,86364,1.0,1
45456,86511,1.0,1
45457,86572,1.0,1
45458,86648,1.0,0
45459,86752,1.0,0
45460,87330,1.0,1
45461,87472,1.0,1
45462,87598,1.0,0
45463,87735,1.0,1
45464,87794,1.0,0
45465,87867,1.0,1
45466,87945,1.0,0
45467,88521,1.0,0
45468,89099,1.0,1
45469,89167,1.0,1
45470,89237,1.0,0
45471,89351,1.0,0
45472,89449,1.0,1
45473,89508,1.0,1
45474,89666,1.0,0
45475,90244,1.0,1
45476,90400,1.0,0
45477,90503,1.0,1
45478,90562,1.0,1
45479,90637,1.0,1
45480,90766,1.0,1
45481,90855,1.0,1
45482,90914,1.0,0
45483,91044,1.0,0
45484,91137,1.0,1
45485,91242,1.0,0
45486,91314,1.0,1
45487,91387,1.0,0
45488,91468,1.0,0
45489,91610,1.0,0
45490,91675,1.0,0
45491,91735,1.0,0
45492,92313,1.0,1
45493,92438,1.0,1
45494,92596,1.0,0
45495,92709,1.0,0
45496,92821,1.0,1
45497,92929,1.0,0
45498,93505,1.0,0
45499,94083,1.0,1
45500,94177,1.0,0
45501,94280,1.0,0
45502,94352,1.0,1
45503,94412,1.0,0
45504,94540,1.0,1
45505,94598,1.0,1
45506,94741,1.0,1
45507,94800,1.0,0
45508,94884,1.0,0
45509,95030,1.0,1
45510,95093,1.0,0
45511,95224,1.0,1
45512,95314,1.0,0
45513,95452,1.0,0
45514,95516,1.0,0
45515,96094,1.0,1
45516,96239,1.0,1
45517,96817,1.0,1
45518,96877,1.0,1
45519,97020,1.0,0
45520,97129,1.0,0
45521,97243,1.0,0
45522,97821,1.0,1
45523,97939,1.0,1
45524,98083,1.0,1
45525,98205,1.0,0
45526,98266,1.0,1
45527,98380,1.0,1
45528,98447,1.0,0
45529,98535,1.0,1
45530,99111,1.0,0
45531,99251,1.0,0
45532,99310,1.0,0
45533,99386,1.0,0
45534,99513,1.0,1
45535,99570,1.0,1
45536,99642,1.0,0
45537,99747,1.0,1
45538,99851,1.0,0
45539,99965,1.0,0
45540,100543,1.0,1
45541,100615,1.0,0
45542,100698,1.0,2
45543,100864,1.0,2
45544,100998,1.0,1
45545,101128,1.0,1
45546,101199,1.0,0
45547,101777,1.0,1
45548,102438,1.0,2
45549,102496,1.0,0
45550,102624,1.0,2
45551,102726,1.0,1
45552,102864,1.0,0
45553,102958,1.0,2
45554,103047,1.0,2
45555,103209,1.0,2
45556,103787,1.0,1
45557,103915,1.0,1
45558,104038,1.0,1
45559,104114,1.0,0
45560,104222,1.0,0
45561,104346,1.0,0
45562,104483,1.0,0
45563,104589,1.0,1
45564,105167,1.0,1
45565,105293,1.0,1
45566,105954,1.0,2
45567,106174,1.0,2
45568,106752,1.0,1
45569,106857,1.0,0
45570,106995,1.0,0
45571,107119,1.0,1
45572,107780,1.0,2
45573,107875,1.0,2
45574,108019,1.0,1
45575,108597,1.0,1
45576,108678,1.0,2
45577,108861,1.0,3
45578,108995,1.0,3
45579,109656,1.0,2
45580,109766,1.0,3
45581,110427,1.0,2
45582,110533,1.0,2
45583,110696,1.0,2
45584,110815,1.0,3
45585,110873,1.0,1
45586,110965,1.0,2
45587,111626,1.0,2
45588,112300,1.0,3
45589,112459,1.0,2
45590,113133,1.0,3
45591,113218,1.0,2
45592,113383,1.0,2
45593,114044,1.0,2
45594,114188,1.0,1
45595,114294,1.0,1
45596,114427,1.0,1
45597,114671,1.0,2
45598,114756,1.0,1
45599,114841,1.0,1
45600,115502,1.0,2
45601,115628,1.0,2
45602,116302,1.0,3
45603,116963,1.0,2
45604,117637,1.0,3
45605,117800,1.0,2
45606,118461,1.0,2
45607,118545,1.0,3
45608,119206,1.0,2
45609,119352,1.0,2
45610,120013,1.0,2
45611,120196,1.0,3
45612,120339,1.0,2
45613,120464,1.0,1
45614,120607,1.0,1
45615,120689,1.0,2
45616,120845,1.0,3
45617,120968,1.0,1
45618,121103,1.0,3
45619,121777,1.0,3
45620,122451,1.0,3
45621,122574,1.0,2
45622,122678,1.0,1
45623,123352,1.0,3
45624,123454,1.0,2
45625,123638,1.0,3
45626,123696,1.0,1
45627,124357,1.0,2
45628,124490,1.0,1
45629,124652,1.0,2
45630,124770,1.0,1
45631,124856,1.0,1
45632,125530,1.0,3
45633,125661,1.0,3
45634,125784,1.0,2
45635,125842,1.0,1
45636,126516,1.0,3
45637,126607,1.0,3
45638,126754,1.0,1
45639,126891,1.0,3
45640,127552,1.0,2
45641,128213,1.0,2
45642,128380,1.0,2
45643,128468,1.0,2
45644,129142,1.0,3
45645,129301,1.0,2
45646,129962,1.0,2
45647,130623,1.0,2
45648,131284,1.0,2
45649,131945,1.0,2
45650,132049,1.0,1
45651,132178,1.0,1
45652,132312,1.0,3
45653,132455,1.0,2
45654,132637,1.0,3
45655,132784,1.0,1
45656,132891,1.0,3
45657,133565,1.0,3
45658,133732,1.0,2
45659,133807,1.0,3
45660,134481,1.0,3
45661,135142,1.0,2
45662,135803,1.0,2
45663,136477,1.0,3
45664,137055,1.0,1
45665,137716,1.0,2
45666,138390,1.0,3
45667,138968,1.0,1
45668,139629,1.0,2
45669,139685,1.0,1
45670,139785,1.0,2
45671,139929,1.0,1
45672,140043,1.0,1
45673,140621,1.0,1
45674,140787,1.0,2
45675,140888,1.0,1
45676,141562,1.0,3
45677,142223,1.0,2
45678,142884,1.0,2
45679,143069,1.0,3
45680,143743,1.0,3
45681,143889,1.0,1
45682,144563,1.0,3
45683,144692,1.0,1
45684,145366,1.0,3
45685,145944,1.0,1
45686,146038,1.0,3
45687,146131,1.0,3
45688,146296,1.0,2
45689,146874,1.0,1
45690,147548,1.0,3
45691,148222,1.0,3
45692,148896,0.9444444179534912,3
45693,149474,1.0,1
45694,149549,1.0,1
45695,149693,1.0,1
45696,149744,1.0,1
45697,149908,1.0,2
45698,150054,1.0,2
45699,150728,0.8888888955116272,3
45700,151389,1.0,2
45701,151516,0.9444444179534912,3
45702,151622,1.0,1
45703,151686,1.0,1
45704,152360,0.8888888955116272,3
45705,152524,1.0,2
45706,152681,1.0,3
45707,152823,1.0,1
45708,153497,0.9444444179534912,3
45709,153594,1.0,1
45710,153780,0.9444444179534912,3
45711,153916,1.0,1
45712,154577,1.0,2
45713,154680,1.0,1
45714,155258,1.0,1
45715,155932,0.8888888955116272,3
45716,156053,1.0,2
45717,156148,0.9444444179534912,3
45718,156325,1.0,3
45719,156471,1.0,1
45720,156572,1.0,2
45721,156677,1.0,2
45722,157351,0.9444444179534912,3
45723,158025,0.8888888955116272,3
45724,158129,1.0,1
45725,158803,0.8333333730697632,3
45726,158956,1.0,2
45727,159121,1.0,2
45728,159246,1.0,1
45729,159338,0.8888888955116272,3
45730,159466,0.9444444179534912,3
45731,160127,1.0,2
45732,160801,0.8888888955116272,3
45733,160911,1.0,2
45734,161056,1.0,1
45735,161143,1.0,2
45736,161254,1.0,1
45737,161435,0.9444444179534912,3
45738,162096,1.0,2
45739,162289,0.9444444179534912,3
45740,162963,0.8888888955116272,3
45741,163637,0.8888888955116272,3
45742,164215,1.0,1
45743,164290,0.9444444179534912,3
45744,164951,1.0,2
45745,165080,1.0,1
45746,165741,1.0,2
45747,166402,1.0,2
45748,167076,0.8888888955116272,3
45749,167164,0.9444444179534912,3
45750,167248,1.0,2
45751,167398,1.0,1
45752,167541,1.0,1
45753,167653,1.0,1
45754,167746,1.0,2
45755,167931,1.0,3
45756,168060,1.0,1
45757,168638,1.0,1
45758,168774,1.0,1
45759,168907,1.0,3
45760,169069,1.0,2
45761,169247,1.0,3
45762,169921,1.0,3
45763,170595,0.9444444179534912,3
45764,171256,1.0,2
45765,171930,0.8888888955116272,3
45766,172604,1.0,3
45767,172691,1.0,2
45768,172854,1.0,2
45769,173040,0.9444444179534912,3
45770,173701,1.0,2
45771,174375,0.8888888955116272,3
45772,175049,0.8888888955116272,3
45773,175193,1.0,1
45774,175367,0.8888888955116272,3
45775,176041,0.8888888955116272,3
45776,176151,0.8888888955116272,3
45777,176265,1.0,1
45778,176395,1.0,2
45779,177069,0.8888888955116272,3
45780,177743,0.8888888955116272,3
45781,178012,0.8888888955116272,3
45782,178107,0.8888888955116272,3
45783,178186,1.0,2
45784,178282,0.9444444179534912,3
45785,178430,1.0,1
45786,178593,1.0,2
45787,179267,0.8888888955116272,3
45788,179941,0.8888888955116272,3
45789,180078,0.8888888955116272,3
45790,180752,0.8888888955116272,3
45791,181413,1.0,2
45792,181501,1.0,2
45793,181648,0.8888888955116272,3
45794,182322,0.8888888955116272,3
45795,182424,1.0,2
45796,182553,1.0,1
45797,183227,0.8888888955116272,3
45798,183376,1.0,1
45799,183434,1.0,1
45800,184095,1.0,2
45801,184170,1.0,1
45802,184334,1.0,2
45803,184449,0.8888888955116272,3
45804,184631,0.8888888955116272,3
45805,184760,1.0,2
45806,184901,1.0,2
45807,185008,1.0,1
45808,185156,1.0,1
45809,185817,1.0,2
45810,186009,0.9444444179534912,3
45811,186587,1.0,1
45812,187261,0.8888888955116272,3
45813,187431,1.0,2
45814,188092,1.0,2
45815,188235,1.0,1
45816,188334,1.0,2
45817,188430,1.0,2
45818,188536,1.0,1
45819,188698,0.9444444179534912,3
45820,188861,1.0,2
45821,189522,1.0,2
45822,189588,1.0,1
45823,189774,1.0,3
45824,189917,1.0,1
45825,190044,1.0,1
45826,190138,1.0,3
45827,190271,1.0,2
45828,190399,1.0,1
45829,190977,1.0,1
45830,191164,1.0,3
45831,191742,1.0,1
45832,192416,1.0,3
45833,192518,1.0,3
45834,193096,1.0,1
45835,193162,1.0,1
45836,193836,1.0,3
45837,194510,1.0,3
45838,194624,1.0,3
45839,194774,1.0,3
45840,194914,1.0,2
45841,195049,1.0,3
45842,195169,1.0,1
45843,195843,1.0,3
45844,195990,1.0,1
45845,196110,1.0,1
45846,196296,1.0,3
45847,196344,1.0,1
45848,196480,1.0,1
45849,196641,1.0,2
45850,197315,1.0,3
45851,197989,1.0,3
45852,198175,1.0,3
45853,198307,1.0,3
45854,198382,1.0,3
45855,198508,1.0,1
45856,198675,1.0,2
45857,199349,1.0,3
45858,200010,1.0,2
45859,200156,1.0,3
45860,200830,1.0,3
45861,201491,1.0,2
45862,202069,1.0,1
45863,202212,1.0,1
45864,202873,1.0,2
45865,203006,1.0,1
45866,203680,1.0,3
45867,203844,1.0,2
45868,203920,1.0,2
45869,204014,1.0,2
45870,204103,1.0,2
45871,204249,1.0,1
45872,204357,1.0,3
45873,204545,1.0,3
45874,204710,1.0,2
45875,204818,1.0,3
45876,205492,1.0,3
45877,205633,1.0,3
45878,205758,1.0,3
45879,206432,1.0,3
45880,207106,1.0,3
45881,207767,1.0,2
45882,208441,1.0,3
45883,209102,1.0,2
45884,209216,1.0,2
45885,209359,1.0,1
45886,210033,1.0,3
45887,210162,1.0,1
45888,210823,1.0,2
45889,210907,1.0,2
45890,211485,1.0,1
45891,211548,1.0,1
45892,211727,1.0,3
45893,212401,1.0,3
45894,212512,1.0,3
45895,212674,1.0,2
45896,212819,1.0,3
45897,213493,1.0,3
45898,214167,1.0,3
45899,214841,1.0,3
45900,214954,1.0,3
45901,215628,1.0,3
45902,216206,1.0,1
45903,216351,1.0,1
45904,216475,1.0,2
45905,217149,1.0,3
45906,217727,1.0,1
45907,218401,1.0,3
45908,218586,1.0,3
45909,218747,1.0,3
45910,218926,1.0,3
45911,219088,1.0,2
45912,219194,1.0,1
45913,219321,1.0,1
45914,219436,1.0,3
45915,220110,1.0,3
45916,220297,1.0,3
45917,220435,1.0,3
45918,220579,1.0,1
45919,220655,1.0,3
45920,220933,1.0,3
45921,221607,1.0,3
45922,222268,1.0,2
45923,222417,1.0,3
45924,223091,1.0,3
45925,223174,1.0,2
45926,223848,1.0,3
45927,223989,1.0,1
45928,224085,1.0,2
45929,224759,1.0,3
45930,224835,1.0,1
45931,225509,1.0,3
45932,225653,1.0,1
45933,225831,1.0,3
45934,226492,1.0,2
45935,226656,1.0,2
45936,226755,1.0,2
45937,227416,1.0,2
45938,227552,1.0,1
45939,227691,1.0,2
45940,228365,1.0,3
45941,228438,1.0,2
45942,229099,1.0,2
45943,229231,1.0,1
45944,229370,1.0,1
45945,229450,1.0,1
45946,229595,1.0,1
45947,229725,1.0,2
45948,229906,1.0,3
45949,230484,1.0,1
45950,230574,1.0,2
45951,230694,1.0,1
45952,230848,1.0,3
45953,231031,1.0,3
45954,231692,1.0,2
45955,231787,1.0,1
45956,231917,1.0,3
45957,232082,1.0,2
45958,232176,1.0,2
45959,232269,1.0,1
45960,232373,1.0,1
45961,232516,1.0,1
45962,232562,1.0,1
45963,233223,1.0,2
45964,233388,1.0,2
45965,233545,1.0,3
45966,233608,1.0,2
45967,233749,1.0,1
45968,233937,1.0,3
45969,234067,1.0,1
45970,234172,1.0,1
45971,234833,1.0,2
45972,235494,1.0,2
45973,235600,1.0,1
45974,235677,1.0,3
45975,235801,1.0,1
45976,235960,1.0,3
45977,236056,1.0,2
45978,236730,1.0,3
45979,236813,1.0,1
45980,237487,1.0,3
45981,237630,1.0,1
45982,238304,1.0,3
45983,238470,1.0,2
45984,239131,1.0,2
45985,239274,1.0,1
45986,239348,1.0,3
45987,239526,1.0,3
45988,240200,1.0,3
45989,240778,1.0,1
45990,241439,1.0,2
45991,241568,1.0,2
45992,241733,1.0,2
45993,241804,1.0,2
45994,242465,1.0,2
45995,242650,1.0,3
45996,242787,1.0,3
45997,243448,1.0,2
45998,244109,1.0,2
45999,244783,1.0,3
46000,245457,1.0,3
46001,245586,1.0,1
46002,246164,1.0,1
46003,246838,1.0,3
46004,246996,1.0,3
46005,247081,1.0,2
46006,247231,1.0,5
46007,247931,0.800000011920929,4
46008,248631,0.800000011920929,4
46009,249305,1.0,3
46010,249438,0.800000011920929,4
46011,249618,1.0,5
46012,250320,1.0,5
46013,250409,0.8999999761581421,4
46014,250570,1.0,4
46015,250661,1.0,5
46016,250770,1.0,4
46017,250911,1.0,4
46018,251008,1.0,5
46019,251708,1.0,4
46020,252408,1.0,4
46021,252557,1.0,5
46022,252685,1.0,4
46023,253387,1.0,5
46024,253569,1.0,3
46025,253713,1.0,5
46026,254415,1.0,5
46027,254527,1.0,4
46028,254713,1.0,3
46029,254839,1.0,5
46030,254997,1.0,4
46031,255671,1.0,3
46032,255820,1.0,4
46033,256522,1.0,5
46034,257222,1.0,4
46035,257313,1.0,3
46036,257987,1.0,3
46037,258153,1.0,4
46038,258853,1.0,4
46039,259553,1.0,4
46040,260227,1.0,3
46041,260379,1.0,4
46042,260562,1.0,3
46043,260719,1.0,4
46044,260897,1.0,3
46045,261571,1.0,3
46046,261716,1.0,5
46047,261852,1.0,3
46048,262526,1.0,3
46049,263200,1.0,3
46050,263299,1.0,5
46051,264001,1.0,5
46052,264139,1.0,3
46053,264839,1.0,4
46054,265020,1.0,4
46055,265694,1.0,3
46056,265805,1.0,4
46057,266505,1.0,4
46058,267205,1.0,4
46059,267905,1.0,4
46060,268053,1.0,5
46061,268727,1.0,3
46062,268857,1.0,4
46063,268987,1.0,3
46064,269180,1.0,4
46065,269361,1.0,3
46066,269433,1.0,4
46067,269591,1.0,4
46068,270265,1.0,3
46069,270399,1.0,4
46070,270575,1.0,4
46071,270712,1.0,3
46072,270823,1.0,5
46073,270920,1.0,5
46074,271064,1.0,5
46075,271764,1.0,4
46076,272438,1.0,3
46077,273138,1.0,4
46078,273257,1.0,5
46079,273446,1.0,3
46080,273595,1.0,5
46081,273680,1.0,3
46082,273832,1.0,4
46083,273979,1.0,5
46084,274679,1.0,4
46085,274808,1.0,4
46086,275508,1.0,4
46087,275655,1.0,4
46088,275785,1.0,4
46089,276459,1.0,3
46090,277159,1.0,4
46091,277861,1.0,5
46092,278561,1.0,4
46093,278741,1.0,3
46094,279441,1.0,4
46095,279550,1.0,4
46096,279703,1.0,5
46097,279883,1.0,3
46098,280583,1.0,4
46099,280667,1.0,3
46100,280760,1.0,3
46101,280905,1.0,3
46102,281027,1.0,4
46103,281172,1.0,5
46104,281349,1.0,3
46105,281449,1.0,4
46106,282123,1.0,3
46107,282797,1.0,3
46108,283497,1.0,4
46109,284197,1.0,4
46110,284286,1.0,3
46111,284449,1.0,4
46112,285149,1.0,4
46113,285823,1.0,3
46114,286525,1.0,5
46115,286629,1.0,5
46116,287329,1.0,4
46117,288003,1.0,3
46118,288677,1.0,3
46119,288825,1.0,5
46120,288969,1.0,3
46121,289671,1.0,5
46122,289772,1.0,5
46123,290446,1.0,3
46124,291146,1.0,4
46125,291279,1.0,3
46126,291979,1.0,4
46127,292679,1.0,4
46128,293353,1.0,3
46129,293541,1.0,3
46130,294241,1.0,4
46131,294941,0.8999999761581421,4
46132,295095,1.0,4
46133,295769,1.0,3
46134,296471,1.0,5
46135,296619,1.0,5
46136,296766,1.0,4
46137,297440,1.0,3
46138,298140,0.8999999761581421,4
46139,298842,1.0,5
46140,299025,1.0,3
46141,299114,1.0,3
46142,299788,1.0,3
46143,299948,1.0,4
46144,300096,1.0,5
46145,300770,1.0,3
46146,300919,1.0,4
46147,301593,1.0,3
46148,301730,1.0,5
46149,302430,1.0,4
46150,302614,1.0,3
46151,302731,1.0,3
46152,302882,1.0,4
46153,303046,1.0,4
46154,303720,1.0,3
46155,304420,1.0,4
46156,304559,1.0,3
46157,304746,1.0,3
46158,304892,1.0,5
46159,305013,1.0,5
46160,305115,1.0,5
46161,305225,1.0,3
46162,305414,1.0,5
46163,306116,1.0,5
46164,306790,1.0,3
46165,306880,1.0,4
46166,307008,1.0,3
46167,307187,1.0,3
46168,307318,1.0,4
46169,307477,1.0,4
46170,307574,1.0,3
46171,308248,1.0,3
46172,308922,1.0,3
46173,309068,1.0,5
46174,309770,1.0,5
46175,309877,1.0,4
46176,309976,1.0,5
46177,310068,1.0,3
46178,310157,1.0,4
46179,310831,1.0,3
46180,311533,1.0,5
46181,312235,1.0,5
46182,312909,1.0,3
46183,313609,1.0,4
46184,313767,1.0,4
46185,314469,1.0,5
46186,315171,1.0,5
46187,315873,1.0,5
46188,316023,1.0,5
46189,316167,1.0,5
46190,316325,1.0,4
46191,316525,1.0,4
46192,316690,1.0,4
46193,317364,1.0,3
46194,317475,1.0,5
46195,317605,1.0,4
46196,317759,1.0,3
46197,317941,1.0,3
46198,318085,1.0,5
46199,318256,1.0,3
46200,318958,1.0,5
46201,319122,1.0,4
46202,319824,1.0,5
46203,319966,1.0,4
46204,320668,1.0,5
46205,320855,1.0,3
46206,320965,1.0,3
46207,321639,1.0,3
46208,321802,1.0,4
46209,321962,1.0,4
46210,322054,1.0,4
46211,322235,1.0,3
46212,322379,1.0,5
46213,322511,1.0,3
46214,322688,1.0,3
46215,323362,1.0,3
46216,324062,1.0,4
46217,324764,1.0,5
46218,324911,1.0,5
46219,325019,1.0,3
46220,325693,1.0,3
46221,325851,1.0,4
46222,326525,1.0,3
46223,326675,1.0,4
46224,326822,1.0,3
46225,327496,1.0,3
46226,327644,1.0,5
46227,328318,1.0,3
46228,328511,1.0,4
46229,329185,1.0,3
46230,329343,1.0,5
46231,330017,1.0,3
46232,330164,1.0,5
46233,330302,1.0,3
46234,330400,1.0,4
46235,331100,1.0,4
46236,331802,1.0,5
46237,332502,1.0,4
46238,333202,1.0,4
46239,333876,1.0,3
46240,334037,1.0,3
46241,334185,1.0,4
46242,334859,1.0,3
46243,335559,1.0,4
46244,336259,1.0,4
46245,336933,1.0,3
46246,337633,1.0,4
46247,338307,1.0,3
46248,339007,1.0,4
46249,339707,1.0,4
46250,339816,1.0,3
46251,340490,1.0,3
46252,340639,1.0,5
46253,340755,1.0,4
46254,340863,1.0,4
46255,340949,1.0,4
46256,341100,1.0,5
46257,341201,1.0,4
46258,341346,1.0,5
46259,341461,1.0,5
46260,341596,1.0,3
46261,342270,1.0,3
46262,342421,1.0,4
46263,343121,1.0,4
46264,343821,1.0,4
46265,344523,1.0,5
46266,344651,1.0,4
46267,344823,1.0,4
46268,345497,1.0,3
46269,345676,1.0,3
46270,345823,1.0,3
46271,346523,1.0,4
46272,347225,1.0,5
46273,347370,1.0,5
46274,348070,1.0,4
46275,348184,1.0,4
46276,348858,1.0,3
46277,349007,1.0,5
46278,349195,1.0,3
46279,349352,1.0,3
46280,349520,1.0,4
46281,349666,1.0,5
46282,350368,1.0,5
46283,351068,1.0,4
46284,351742,1.0,3
46285,352442,1.0,4
46286,352527,1.0,4
46287,353227,1.0,4
46288,353395,1.0,4
46289,353468,1.0,4
46290,354170,1.0,5
46291,354283,1.0,3
46292,354436,1.0,5
46293,355136,1.0,4
46294,355224,1.0,4
46295,355924,1.0,4
46296,356098,1.0,4
46297,356800,1.0,5
46298,356888,1.0,3
46299,357562,1.0,3
46300,358262,1.0,4
46301,358426,1.0,4
46302,358608,1.0,3
46303,358762,1.0,5
46304,359462,1.0,4
46305,359629,1.0,3
46306,359769,1.0,3
46307,360469,1.0,4
46308,361171,1.0,5
46309,361316,1.0,3
46310,361469,1.0,4
46311,361627,1.0,4
46312,361741,1.0,4
46313,361856,1.0,5
46314,362556,1.0,4
46315,363258,1.0,5
46316,363420,1.0,3
46317,364094,1.0,3
46318,364794,1.0,4
46319,364947,1.0,5
46320,365649,1.0,5
46321,365762,1.0,4
46322,366462,1.0,4
46323,367164,1.0,5
46324,367269,1.0,3
46325,367382,1.0,4
46326,368084,1.0,5
46327,368229,1.0,5
46328,368378,1.0,3
46329,368562,1.0,3
46330,369262,1.0,4
46331,369423,1.0,4
46332,370125,1.0,5
46333,370825,1.0,4
46334,370973,1.0,5
46335,371647,1.0,3
46336,372349,1.0,5
46337,373049,1.0,4
46338,373749,1.0,4
46339,374449,1.0,4
46340,375123,1.0,3
46341,375825,1.0,5
46342,375982,1.0,4
46343,376684,1.0,5
46344,376790,1.0,5
46345,377490,1.0,4
46346,378192,1.0,5
46347,378866,1.0,3
46348,379568,1.0,5
46349,380270,1.0,5
46350,380348,1.0,3
46351,380528,1.0,3
46352,381230,1.0,5
46353,381904,1.0,3
46354,382010,1.0,3
46355,382710,1.0,4
46356,383412,1.0,5
46357,383560,1.0,3
46358,384234,1.0,3
46359,384934,1.0,4
46360,385608,1.0,3
46361,386310,1.0,5
46362,386469,1.0,5
46363,387171,1.0,5
46364,387871,1.0,4
46365,388573,1.0,5
46366,388751,1.0,4
46367,389453,1.0,5
46368,390155,1.0,5
46369,390857,1.0,5
46370,391035,1.0,3
46371,391180,1.0,4
46372,391882,1.0,5
46373,392582,1.0,4
46374,393256,1.0,3
46375,393930,1.0,3
46376,394630,1.0,4
46377,395330,1.0,4
46378,395490,1.0,4
46379,396190,1.0,4
46380,396381,1.0,3
46381,396515,1.0,4
46382,396676,1.0,3
46383,396833,1.0,5
46384,396976,1.0,5
46385,397089,1.0,5
46386,397789,1.0,4
46387,398491,1.0,5
46388,399191,1.0,4
46389,399340,1.0,6
46390,400042,1.0,5
46391,400198,1.0,4
46392,400364,1.0,4
46393,401068,0.625,6
46394,401770,1.0,5
46395,402470,1.0,4
46396,403172,1.0,5
46397,403872,1.0,4
46398,404070,1.0,6
46399,404154,1.0,4
46400,404314,1.0,4
46401,405018,0.8333333730697632,6
46402,405171,1.0,5
46403,405326,1.0,4
46404,406026,1.0,4
46405,406728,1.0,5
46406,406860,1.0,4
46407,407564,0.6666666865348816,6
46408,407679,1.0,5
46409,407788,1.0,4
46410,407936,1.0,5
46411,408638,1.0,5
46412,409340,1.0,5
46413,410044,0.6666666865348816,6
46414,410746,1.0,5
46415,411446,1.0,4
46416,411560,1.0,4
46417,412262,1.0,5
46418,412964,1.0,5
46419,413668,0.6666666865348816,6
46420,413828,1.0,4
46421,414530,1.0,5
46422,414690,1.0,5
46423,414901,0.75,6
46424,415044,1.0,5
46425,415201,1.0,4
46426,415373,0.8333333134651184,6
46427,415477,1.0,5
46428,416179,1.0,5
46429,416883,0.75,6
46430,417069,0.8333333134651184,6
46431,417158,1.0,4
46432,417333,0.8333333134651184,6
46433,417488,1.0,5
46434,417606,1.0,5
46435,418310,0.75,6
46436,419010,1.0,4
46437,419714,0.75,6
46438,419861,1.0,5
46439,420563,1.0,5
46440,420676,1.0,4
46441,421378,1.0,5
46442,422078,1.0,4
46443,422780,1.0,5
46444,423482,1.0,5
46445,424184,1.0,5
46446,424361,0.8333333134651184,6
46447,425063,0.9090908765792847,5
46448,425767,0.8333333134651184,6
46449,426467,1.0,4
46450,427169,0.8181818127632141,5
46451,427871,0.8181818127632141,5
46452,428575,0.8333333134651184,6
46453,428736,1.0,4
46454,429436,1.0,4
46455,430136,1.0,4
46456,430354,0.8333333134651184,6
46457,430488,1.0,4
46458,430600,1.0,4
46459,431302,0.8181818127632141,5
46460,432004,0.8181818127632141,5
46461,432706,0.8181818127632141,5
46462,433406,1.0,4
46463,434108,0.8181818127632141,5
46464,434810,0.8181818127632141,5
46465,435510,1.0,4
46466,435679,0.8333333134651184,6
46467,435873,0.9166666269302368,6
46468,436575,0.8181818127632141,5
46469,436785,1.0,6
46470,436915,1.0,4
46471,437617,0.8181818127632141,5
46472,438319,0.8181818127632141,5
46473,438467,1.0,6
46474,439167,1.0,4
46475,439869,0.8181818127632141,5
46476,440571,0.8181818127632141,5
46477,440689,1.0,4
46478,440841,1.0,4
46479,440987,0.8181818127632141,5
46480,441689,0.8181818127632141,5
46481,442391,0.8181818127632141,5
46482,443091,1.0,4
46483,443793,0.8181818127632141,5
46484,444495,0.8181818127632141,5
46485,445195,1.0,4
46486,445899,1.0,6
46487,446011,1.0,4
46488,446163,1.0,6
46489,446272,0.8181818127632141,5
46490,446418,0.8181818127632141,5
46491,446582,1.0,6
46492,447284,0.8181818127632141,5
46493,447444,0.8181818127632141,5
46494,448146,0.8181818127632141,5
46495,448846,1.0,4
46496,448981,0.8181818127632141,5
46497,449683,0.8181818127632141,5
46498,449795,0.8181818127632141,5
46499,450497,0.8181818127632141,5
46500,450649,0.8181818127632141,5
46501,451353,1.0,6
46502,451518,0.8181818127632141,5
46503,451716,0.8181818127632141,5
46504,451863,0.8181818127632141,5
46505,452053,1.0,6
46506,452753,1.0,4
46507,453453,1.0,4
46508,453602,1.0,4
46509,453764,1.0,4
46510,453908,1.0,4
46511,454608,1.0,4
46512,455308,1.0,4
46513,455458,0.8181818127632141,5
46514,456162,1.0,6
46515,456363,1.0,6
46516,457063,1.0,4
46517,457214,0.8181818127632141,5
46518,457916,0.8181818127632141,5
46519,458105,0.8181818127632141,5
46520,458807,0.8181818127632141,5
46521,459507,1.0,4
46522,459660,1.0,6
46523,460362,0.8181818127632141,5
46524,461062,1.0,4
46525,461254,1.0,6
46526,461435,1.0,4
46527,461583,0.8181818127632141,5
46528,461829,1.0,6
46529,462531,0.8181818127632141,5
46530,463235,1.0,6
46531,463621,1.0,6
46532,464323,0.8181818127632141,5
46533,464435,1.0,4
46534,464584,0.8181818127632141,5
46535,465286,0.8181818127632141,5
46536,465477,1.0,6
46537,465568,0.8181818127632141,5
46538,466272,1.0,6
46539,466429,1.0,6
46540,466577,0.8181818127632141,5
46541,467281,1.0,6
46542,467470,1.0,6
46543,467679,1.0,6
46544,468383,1.0,6
46545,468542,1.0,4
46546,469246,1.0,6
46547,469948,0.8181818127632141,5
46548,470652,1.0,6
46549,470879,1.0,4
46550,470979,0.8181818127632141,5
46551,471081,1.0,4
46552,471785,1.0,6
46553,472487,0.8181818127632141,5
46554,472583,0.8181818127632141,5
46555,473285,0.8181818127632141,5
46556,473985,1.0,4
46557,474080,0.8181818127632141,5
46558,474780,1.0,4
46559,474914,1.0,4
46560,475616,0.8181818127632141,5
46561,475836,1.0,6
46562,476540,1.0,6
46563,477242,0.8181818127632141,5
46564,477523,1.0,6
46565,478223,1.0,4
46566,478927,1.0,6
46567,479627,1.0,4
46568,479760,1.0,4
46569,479854,1.0,4
46570,480010,1.0,6
46571,480710,1.0,4
46572,480874,0.8181818127632141,5
46573,481578,1.0,6
46574,481718,1.0,4
46575,482418,1.0,4
46576,482611,1.0,6
46577,483313,0.8181818127632141,5
46578,483416,0.8181818127632141,5
46579,483513,0.8181818127632141,5
46580,484213,1.0,4
46581,484915,0.8181818127632141,5
46582,485093,1.0,6
46583,485244,1.0,4
46584,485359,1.0,4
46585,485446,1.0,4
46586,485646,1.0,4
46587,486346,1.0,4
46588,486437,0.8181818127632141,5
46589,486582,0.8181818127632141,5
46590,487282,1.0,4
46591,487982,1.0,4
46592,488684,0.8181818127632141,5
46593,489388,1.0,6
46594,489551,1.0,4
46595,490251,1.0,4
46596,490400,0.8181818127632141,5
46597,490547,1.0,6
46598,490733,1.0,6
46599,490829,0.8181818127632141,5
46600,490996,1.0,4
46601,491146,0.8181818127632141,5
46602,491302,1.0,4
46603,492002,1.0,4
46604,492168,0.8181818127632141,5
46605,492872,1.0,6
46606,493101,1.0,4
46607,493217,1.0,4
46608,493917,1.0,4
46609,494152,1.0,6
46610,494298,1.0,6
46611,494998,1.0,4
46612,495087,1.0,4
46613,495248,1.0,4
46614,495950,0.8181818127632141,5
46615,496121,1.0,6
46616,496825,1.0,6
46617,497525,1.0,4
46618,498227,0.8181818127632141,5
46619,498929,0.8181818127632141,5
46620,499083,1.0,6
46621,499228,0.8181818127632141,5
46622,499374,0.8181818127632141,5
46623,499464,0.8181818127632141,5
46624,499633,1.0,6
46625,499774,0.8181818127632141,5
46626,500478,1.0,6
46627,500629,1.0,4
46628,501331,0.8181818127632141,5
46629,501480,0.8181818127632141,5
46630,502182,0.8181818127632141,5
46631,502375,1.0,6
46632,502483,0.8181818127632141,5
46633,502623,0.8181818127632141,5
46634,502722,1.0,4
46635,502872,1.0,6
46636,503572,1.0,4
46637,503734,1.0,4
46638,503837,0.8181818127632141,5
46639,504539,0.8181818127632141,5
46640,504721,1.0,6
46641,504872,0.8181818127632141,5
46642,505020,0.8181818127632141,5
46643,505135,1.0,4
46644,505240,0.8181818127632141,5
46645,505381,1.0,6
46646,505525,0.8181818127632141,5
46647,505714,1.0,6
46648,505843,1.0,4
46649,506007,1.0,6
46650,506103,1.0,4
46651,506203,1.0,4
46652,506903,1.0,4
46653,507607,1.0,6
46654,507753,0.8181818127632141,5
46655,508455,0.8181818127632141,5
46656,508604,0.8181818127632141,5
46657,509308,1.0,6
46658,510010,0.8181818127632141,5
46659,510710,1.0,4
46660,510812,0.8181818127632141,5
46661,511516,1.0,6
46662,511633,1.0,4
46663,511794,1.0,6
46664,511913,0.8181818127632141,5
46665,512031,1.0,4
46666,512130,1.0,4
46667,512830,1.0,4
46668,512945,1.0,4
46669,513649,1.0,6
46670,513821,1.0,4
46671,513962,1.0,6
46672,514662,1.0,4
46673,514808,0.8181818127632141,5
46674,514919,1.0,4
46675,515621,0.8181818127632141,5
46676,515769,0.8181818127632141,5
46677,515958,1.0,6
46678,516662,1.0,6
46679,516776,1.0,4
46680,516935,1.0,4
46681,517635,1.0,4
46682,517819,1.0,4
46683,518519,1.0,4
46684,518712,1.0,4
46685,518884,1.0,6
46686,519058,1.0,6
46687,519760,0.8181818127632141,5
46688,520460,1.0,4
46689,520554,1.0,4
46690,520703,1.0,6
46691,520804,0.8181818127632141,5
46692,521508,1.0,6
46693,521603,1.0,4
46694,521721,0.8181818127632141,5
46695,521866,0.8181818127632141,5
46696,522566,1.0,4
46697,523266,1.0,4
46698,523438,1.0,6
46699,523534,0.8181818127632141,5
46700,524238,1.0,6
46701,524397,1.0,4
46702,524496,1.0,4
46703,525198,0.8181818127632141,5
46704,525374,1.0,4
46705,525564,1.0,6
46706,525675,0.8181818127632141,5
46707,525789,1.0,4
46708,525948,1.0,4
46709,526096,0.8181818127632141,5
46710,526272,1.0,6
46711,526437,1.0,6
46712,526623,1.0,6
46713,526720,0.8181818127632141,5
46714,527424,1.0,6
46715,527568,0.8181818127632141,5
46716,527671,0.8181818127632141,5
46717,527827,1.0,4
46718,528015,1.0,6
46719,528715,1.0,4
46720,529415,1.0,4
46721,530117,0.8181818127632141,5
46722,530233,1.0,4
46723,530381,1.0,4
46724,530479,0.8181818127632141,5
46725,530633,1.0,6
46726,530746,0.8181818127632141,5
46727,530930,1.0,6
46728,531090,0.8181818127632141,5
46729,531188,1.0,4
46730,531890,0.8181818127632141,5
46731,532592,0.8181818127632141,5
46732,532699,0.8181818127632141,5
46733,532914,1.0,6
46734,533616,0.8181818127632141,5
46735,533772,1.0,4
46736,533924,1.0,4
46737,534624,1.0,4
46738,534772,1.0,4
46739,534888,1.0,4
46740,535592,1.0,6
46741,535710,1.0,4
46742,536410,1.0,4
46743,536560,0.8181818127632141,5
46744,536718,1.0,6
46745,537422,1.0,6
46746,537649,1.0,6
46747,538349,1.0,4
46748,539049,1.0,4
46749,539749,1.0,4
46750,540449,1.0,4
46751,540634,1.0,6
46752,541334,1.0,4
46753,541426,1.0,4
46754,542126,1.0,4
46755,542274,0.8181818127632141,5
46756,542377,0.9090908765792847,5
46757,542525,0.8181818127632141,5
46758,542665,1.0,4
46759,542761,1.0,4
46760,542917,1.0,4
46761,543617,1.0,4
46762,543811,1.0,6
46763,544511,1.0,4
46764,544655,1.0,5
46765,545355,1.0,4
46766,545621,1.0,7
46767,545719,1.0,5
46768,546523,0.7692307829856873,7
46769,547225,0.9090908765792847,5
46770,548029,0.692307710647583,7
46771,548731,0.9090908765792847,5
46772,548884,1.0,6
46773,549588,1.0,6
46774,549730,1.0,6
46775,550534,0.692307710647583,7
46776,550765,1.0,6
46777,551467,0.8181818127632141,5
46778,551571,0.8181818127632141,5
46779,552375,0.692307710647583,7
46780,553179,0.692307710647583,7
46781,553438,0.692307710647583,7
46782,553744,0.692307710647583,7
46783,553968,0.7692307829856873,7
46784,554157,1.0,6
46785,554961,0.692307710647583,7
46786,555765,0.692307710647583,7
46787,556569,0.692307710647583,7
46788,556712,1.0,5
46789,557416,1.0,6
46790,557583,0.9090908765792847,5
46791,558285,1.0,5
46792,558987,0.9090908765792847,5
46793,559257,1.0,6
46794,560061,0.692307710647583,7
46795,560763,0.9090908765792847,5
46796,561567,0.692307710647583,7
46797,562371,0.6538461446762085,7
46798,562524,1.0,6
46799,562675,0.9090908765792847,5
46800,563479,0.6538461446762085,7
46801,563630,0.9090908765792847,5
46802,563916,1.0,6
46803,564720,0.6153846383094788,7
46804,565524,0.6538461446762085,7
46805,565628,0.9090908765792847,5
46806,566432,0.6153846383094788,7
46807,566579,1.0,6
46808,566858,0.6153846383094788,7
46809,567662,0.6153846383094788,7
46810,567763,0.9090908765792847,5
46811,568467,1.0,6
46812,569271,0.6538461446762085,7
46813,569529,0.692307710647583,7
46814,570233,1.0,6
46815,570448,0.692307710647583,7
46816,570574,1.0,5
46817,571278,1.0,6
46818,571433,1.0,6
46819,572237,0.692307710647583,7
46820,573041,0.692307710647583,7
46821,573129,1.0,5
46822,573933,0.692307710647583,7
46823,574116,1.0,6
46824,574318,0.692307710647583,7
46825,574472,1.0,6
46826,574589,1.0,5
46827,575393,0.692307710647583,7
46828,575525,1.0,5
46829,575671,1.0,5
46830,576475,0.692307710647583,7
46831,577177,1.0,5
46832,577981,0.692307710647583,7
46833,578144,0.692307710647583,7
46834,578948,0.692307710647583,7
46835,579650,1.0,5
46836,579799,0.9090908765792847,5
46837,580501,0.9090908765792847,5
46838,580718,0.9090908765792847,5
46839,580870,1.0,6
46840,581572,0.8181818127632141,5
46841,581679,1.0,5
46842,581951,1.0,6
46843,582655,1.0,6
46844,583357,0.9090908765792847,5
46845,583510,0.9090908765792847,5
46846,584212,0.9090908765792847,5
46847,584372,1.0,6
46848,585074,0.9090908765792847,5
46849,585254,1.0,6
46850,585494,0.692307710647583,7
46851,585639,0.9090908765792847,5
46852,586341,0.9090908765792847,5
46853,587043,0.8181818127632141,5
46854,587219,0.692307710647583,7
46855,587364,1.0,6
46856,587512,0.9090908765792847,5
46857,588316,0.7307692766189575,7
46858,589120,0.692307710647583,7
46859,589924,0.692307710647583,7
46860,590728,0.692307710647583,7
46861,591532,0.692307710647583,7
46862,591777,0.692307710647583,7
46863,592581,0.692307710647583,7
46864,593385,0.692307710647583,7
46865,593529,1.0,6
46866,593711,0.692307710647583,7
46867,593857,1.0,5
46868,594561,1.0,6
46869,595265,1.0,6
46870,595967,1.0,5
46871,596671,1.0,6
46872,596842,1.0,6
46873,597646,0.692307710647583,7
46874,598350,1.0,6
46875,598504,1.0,5
46876,598733,1.0,6
46877,599014,0.692307710647583,7
46878,599223,1.0,6
46879,599925,1.0,5
46880,600729,0.692307710647583,7
46881,601533,0.692307710647583,7
46882,601791,0.692307710647583,7
46883,602595,0.692307710647583,7
46884,602698,1.0,5
46885,602849,1.0,6
46886,603653,0.692307710647583,7
46887,603996,1.0,5
46888,604141,1.0,6
46889,604843,1.0,5
46890,605057,0.7307692766189575,7
46891,605250,1.0,6
46892,605952,1.0,5
46893,606756,0.692307710647583,7
46894,606916,1.0,6
46895,607061,1.0,5
46896,607865,0.692307710647583,7
46897,608669,0.692307710647583,7
46898,609371,1.0,5
46899,610175,0.692307710647583,7
46900,610979,0.692307710647583,7
46901,611783,0.692307710647583,7
46902,611928,1.0,6
46903,612732,0.692307710647583,7
46904,613536,0.692307710647583,7
46905,614240,1.0,6
46906,614328,1.0,5
46907,614547,0.692307710647583,7
46908,615351,0.692307710647583,7
46909,616155,0.692307710647583,7
46910,616857,1.0,5
46911,617661,0.692307710647583,7
46912,618465,0.692307710647583,7
46913,618610,1.0,5
46914,619414,0.692307710647583,7
46915,620116,1.0,5
46916,620920,0.692307710647583,7
46917,621038,1.0,5
46918,621842,0.692307710647583,7
46919,622098,0.692307710647583,7
46920,622800,1.0,5
46921,623504,1.0,6
46922,623690,1.0,6
46923,623838,1.0,5
46924,624642,0.692307710647583,7
46925,624789,1.0,6
46926,625057,0.692307710647583,7
46927,625761,1.0,6
46928,625859,1.0,5
46929,626077,0.692307710647583,7
46930,626779,1.0,5
46931,627481,1.0,5
46932,627680,0.692307710647583,7
46933,628013,0.692307710647583,7
46934,628163,1.0,6
46935,628865,1.0,5
46936,629009,1.0,5
46937,629204,1.0,6
46938,629342,1.0,5
46939,630044,1.0,5
46940,630177,1.0,6
46941,630981,0.692307710647583,7
46942,631114,1.0,5
46943,631375,0.692307710647583,7
46944,631472,1.0,5
46945,632176,1.0,6
46946,632321,1.0,6
46947,633125,0.692307710647583,7
46948,633827,1.0,5
46949,633935,1.0,5
46950,634739,0.692307710647583,7
46951,634937,1.0,5
46952,635169,0.692307710647583,7
46953,635973,0.692307710647583,7
46954,636132,0.692307710647583,7
46955,636936,0.692307710647583,7
46956,637087,1.0,5
46957,637309,0.692307710647583,7
46958,637481,1.0,6
46959,637580,1.0,5
46960,638282,1.0,5
46961,638984,1.0,5
46962,639686,1.0,5
46963,640388,1.0,5
46964,640565,1.0,6
46965,640751,1.0,5
46966,641555,0.692307710647583,7
46967,641782,0.692307710647583,7
46968,641925,1.0,5
46969,642092,1.0,6
46970,642191,1.0,5
46971,642895,1.0,6
46972,643699,0.692307710647583,7
46973,644401,1.0,5
46974,645105,1.0,6
46975,645374,0.692307710647583,7
46976,646076,1.0,5
46977,646204,1.0,5
46978,646906,1.0,5
46979,647710,0.692307710647583,7
46980,648514,0.692307710647583,7
46981,649216,1.0,5
46982,649918,1.0,5
46983,650722,0.692307710647583,7
46984,651424,1.0,5
46985,652126,1.0,5
46986,652930,0.692307710647583,7
46987,653632,1.0,5
46988,654334,1.0,5
46989,654452,1.0,5
46990,655154,1.0,5
46991,655343,1.0,6
46992,656147,0.692307710647583,7
46993,656283,1.0,6
46994,656985,1.0,5
46995,657887,0.5,8
46996,658789,0.5,8
46997,659593,0.692307710647583,7
46998,660495,0.5,8
46999,661299,0.692307710647583,7
47000,661474,0.6785714626312256,8
47001,661650,1.0,6
47002,661910,0.8571428656578064,8
47003,662714,0.692307710647583,7
47004,662893,0.9285714626312256,8
47005,663209,1.0,8
47006,663516,1.0,8
47007,663834,0.692307710647583,7
47008,664538,1.0,6
47009,665440,1.0,8
47010,665721,0.692307710647583,7
47011,666623,0.9285714626312256,8
47012,667427,0.692307710647583,7
47013,667644,1.0,6
47014,668546,0.8571428656578064,8
47015,669448,0.8571428656578064,8
47016,670350,0.8571428656578064,8
47017,670545,0.8571428656578064,8
47018,670740,0.8571428656578064,8
47019,671544,0.692307710647583,7
47020,672348,0.692307710647583,7
47021,673152,0.692307710647583,7
47022,673396,0.8571428656578064,8
47023,674298,0.8571428656578064,8
47024,675102,0.692307710647583,7
47025,676004,0.8571428656578064,8
47026,676808,0.692307710647583,7
47027,677710,0.8571428656578064,8
47028,678612,0.8571428656578064,8
47029,679514,0.8571428656578064,8
47030,679699,0.8571428656578064,8
47031,680601,0.8571428656578064,8
47032,681503,0.8571428656578064,8
47033,682405,0.8571428656578064,8
47034,683307,0.8571428656578064,8
47035,684209,0.8571428656578064,8
47036,685111,0.8214285373687744,8
47037,686013,0.7857142686843872,8
47038,686246,1.0,6
47039,686489,0.692307710647583,7
47040,686677,0.692307710647583,7
47041,687151,0.8571428656578064,8
47042,687955,0.692307710647583,7
47043,688759,0.692307710647583,7
47044,688943,1.0,6
47045,689845,0.8214285373687744,8
47046,690099,0.8571428656578064,8
47047,691001,0.8571428656578064,8
47048,691805,0.692307710647583,7
47049,692609,0.692307710647583,7
47050,692806,0.692307710647583,7
47051,693132,0.8571428656578064,8
47052,693836,1.0,6
47053,694540,1.0,6
47054,694803,0.8571428656578064,8
47055,695037,0.8571428656578064,8
47056,695939,0.8571428656578064,8
47057,696841,0.8571428656578064,8
47058,697062,0.692307710647583,7
47059,697866,0.692307710647583,7
47060,698670,0.692307710647583,7
47061,699474,0.692307710647583,7
47062,699670,0.8571428656578064,8
47063,700572,0.8571428656578064,8
47064,701376,0.692307710647583,7
47065,701636,0.8571428656578064,8
47066,701840,0.692307710647583,7
47067,702066,0.692307710647583,7
47068,702200,1.0,6
47069,703102,0.8571428656578064,8
47070,703345,0.8571428656578064,8
47071,704247,0.8571428656578064,8
47072,704501,0.692307710647583,7
47073,705305,0.692307710647583,7
47074,705534,1.0,6
47075,705738,0.692307710647583,7
47076,706542,0.692307710647583,7
47077,707246,1.0,6
47078,707616,0.8571428656578064,8
47079,707869,0.8571428656578064,8
47080,708161,0.692307710647583,7
47081,708427,0.692307710647583,7
47082,709329,0.8571428656578064,8
47083,710231,0.8571428656578064,8
47084,710409,1.0,6
47085,711213,0.692307710647583,7
47086,711350,1.0,6
47087,711545,0.8571428656578064,8
47088,711728,0.8571428656578064,8
47089,711964,0.692307710647583,7
47090,712270,0.8571428656578064,8
47091,713074,0.692307710647583,7
47092,713878,0.692307710647583,7
47093,714045,1.0,6
47094,714849,0.692307710647583,7
47095,715069,0.8571428656578064,8
47096,715302,0.692307710647583,7
47097,715483,1.0,6
47098,715690,0.8571428656578064,8
47099,715925,1.0,6
47100,716827,0.8571428656578064,8
47101,717096,0.692307710647583,7
47102,717800,1.0,6
47103,717973,1.0,6
47104,718247,0.692307710647583,7
47105,718505,0.7307692766189575,7
47106,718759,0.8571428656578064,8
47107,719463,1.0,6
47108,720267,0.692307710647583,7
47109,721071,0.692307710647583,7
47110,721973,0.8571428656578064,8
47111,722777,0.692307710647583,7
47112,723679,0.8571428656578064,8
47113,724483,0.692307710647583,7
47114,724749,0.692307710647583,7
47115,725048,0.8571428656578064,8
47116,725421,0.8571428656578064,8
47117,725626,0.8571428656578064,8
47118,725911,0.692307710647583,7
47119,726715,0.692307710647583,7
47120,727519,0.692307710647583,7
47121,728421,0.8571428656578064,8
47122,728657,0.692307710647583,7
47123,729461,0.7307692766189575,7
47124,730363,0.8571428656578064,8
47125,731067,1.0,6
47126,731969,0.8571428656578064,8
47127,732236,0.8571428656578064,8
47128,732546,0.7692307829856873,7
47129,733250,1.0,6
47130,733527,0.8571428656578064,8
47131,734429,0.8571428656578064,8
47132,735331,0.8571428656578064,8
47133,736233,0.8571428656578064,8
47134,736417,1.0,6
47135,737121,1.0,6
47136,737310,1.0,6
47137,738212,0.8571428656578064,8
47138,738359,1.0,6
47139,738527,1.0,6
47140,739231,1.0,6
47141,739466,0.7692307829856873,7
47142,739833,0.8571428656578064,8
47143,740637,0.7692307829856873,7
47144,741539,0.8571428656578064,8
47145,742441,0.8571428656578064,8
47146,742647,1.0,6
47147,743451,0.7692307829856873,7
47148,744353,0.8571428656578064,8
47149,744606,0.8571428656578064,8
47150,745508,0.8571428656578064,8
47151,745734,0.7692307829856873,7
47152,746438,1.0,6
47153,747340,0.8571428656578064,8
47154,748242,0.8571428656578064,8
47155,749144,0.8571428656578064,8
47156,750046,0.8571428656578064,8
47157,750232,1.0,6
47158,750435,0.8571428656578064,8
47159,750677,0.8571428656578064,8
47160,751481,0.7692307829856873,7
47161,751729,0.8571428656578064,8
47162,752631,0.8571428656578064,8
47163,753435,0.7692307829856873,7
47164,754337,0.8571428656578064,8
47165,754599,0.8571428656578064,8
47166,754835,0.8571428656578064,8
47167,755639,0.7692307829856873,7
47168,755927,0.8571428656578064,8
47169,756160,0.7692307829856873,7
47170,756468,0.8571428656578064,8
47171,757370,0.8571428656578064,8
47172,758272,0.8571428656578064,8
47173,758428,1.0,6
47174,759330,0.8571428656578064,8
47175,760232,0.8571428656578064,8
47176,760458,0.8571428656578064,8
47177,761360,0.8571428656578064,8
47178,762262,0.8571428656578064,8
47179,762570,0.7692307829856873,7
47180,763274,1.0,6
47181,763462,1.0,6
47182,764266,0.7692307829856873,7
47183,764547,0.7692307829856873,7
47184,765449,0.8571428656578064,8
47185,765659,1.0,6
47186,766561,0.8571428656578064,8
47187,767365,0.7692307829856873,7
47188,767562,1.0,6
47189,768464,0.8571428656578064,8
47190,768766,0.8571428656578064,8
47191,769002,0.8571428656578064,8
47192,769806,0.7692307829856873,7
47193,770708,0.8571428656578064,8
47194,771610,0.8571428656578064,8
47195,772512,0.8571428656578064,8
47196,773316,0.7692307829856873,7
47197,773440,1.0,6
47198,773755,0.8571428656578064,8
47199,773955,0.7692307829856873,7
47200,774102,1.0,6
47201,774276,1.0,6
47202,774628,0.8571428656578064,8
47203,775530,0.8571428656578064,8
47204,776432,0.8571428656578064,8
47205,777136,1.0,6
47206,778038,0.8571428656578064,8
47207,778322,0.7692307829856873,7
47208,779126,0.7692307829856873,7
47209,779830,1.0,6
47210,780123,0.8571428656578064,8
47211,780454,1.0,6
47212,780714,0.8571428656578064,8
47213,781418,1.0,6
47214,781679,0.7692307829856873,7
47215,782001,0.8571428656578064,8
47216,782299,0.7692307829856873,7
47217,783201,0.8571428656578064,8
47218,783430,0.8571428656578064,8
47219,784234,0.7692307829856873,7
47220,784558,0.7692307829856873,7
47221,785460,0.8571428656578064,8
47222,785611,1.0,6
47223,786513,0.8571428656578064,8
47224,787217,1.0,6
47225,788119,0.8571428656578064,8
47226,788398,0.8571428656578064,8
47227,789300,0.8571428656578064,8
47228,790104,0.7692307829856873,7
47229,790352,0.7692307829856873,7
47230,791254,0.8571428656578064,8
47231,791445,0.8571428656578064,8
47232,792347,0.8571428656578064,8
47233,792543,0.8571428656578064,8
47234,793445,0.8571428656578064,8
47235,794347,0.8571428656578064,8
47236,795249,0.8571428656578064,8
47237,795953,1.0,6
47238,796757,0.7692307829856873,7
47239,797659,0.8571428656578064,8
47240,797813,1.0,6
47241,798038,0.7692307829856873,7
47242,798940,0.8571428656578064,8
47243,799644,1.0,6
47244,799935,0.7692307829856873,7
47245,800837,0.8571428656578064,8
47246,801641,0.7692307829856873,7
47247,801878,0.7692307829856873,7
47248,802780,0.8571428656578064,8
47249,803682,0.8214285373687744,8
47250,804584,0.8571428656578064,8
47251,805388,0.7692307829856873,7
47252,805669,0.8571428656578064,8
47253,806571,0.8571428656578064,8
47254,806826,0.7692307829856873,7
47255,806986,1.0,6
47256,807690,1.0,6
47257,807858,1.0,6
47258,808760,0.8214285373687744,8
47259,809662,0.8214285373687744,8
47260,809972,0.8571428656578064,8
47261,810776,0.7692307829856873,7
47262,811004,0.8571428656578064,8
47263,811297,1.0,6
47264,812101,0.7692307829856873,7
47265,812254,1.0,6
47266,812546,0.7692307829856873,7
47267,813448,0.8214285373687744,8
47268,814350,0.8214285373687744,8
47269,815252,0.8571428656578064,8
47270,816154,0.7857142686843872,8
47271,816347,1.0,6
47272,817051,1.0,6
47273,817953,0.7857142686843872,8
47274,818161,0.7692307829856873,7
47275,818328,1.0,6
47276,818608,0.7857142686843872,8
47277,819510,0.7857142686843872,8
47278,819690,0.7692307829856873,7
47279,819986,0.7857142686843872,8
47280,820790,0.7692307829856873,7
47281,821023,1.0,6
47282,821316,0.7692307829856873,7
47283,821502,1.0,6
47284,821678,1.0,6
47285,821970,0.8214285373687744,8
47286,822189,0.8571428656578064,8
47287,822401,0.8571428656578064,8
47288,822837,0.8571428656578064,8
47289,823112,0.7692307829856873,7
47290,823296,1.0,6
47291,824000,1.0,6
47292,824544,0.8571428656578064,8
47293,824794,0.7692307829856873,7
47294,825003,0.7692307829856873,7
47295,825219,0.7692307829856873,7
47296,825416,1.0,6
47297,825682,0.7692307829856873,7
47298,826584,0.8571428656578064,8
47299,827388,0.7692307829856873,7
47300,827624,0.7692307829856873,7
47301,828428,0.7692307829856873,7
47302,828609,1.0,6
47303,829413,0.7692307829856873,7
47304,829591,1.0,6
47305,830493,0.8571428656578064,8
47306,831395,0.8571428656578064,8
47307,832199,0.7692307829856873,7
47308,833003,0.7692307829856873,7
47309,833183,1.0,6
47310,834085,0.8571428656578064,8
47311,834889,0.7692307829856873,7
47312,835161,0.8571428656578064,8
47313,835965,0.7692307829856873,7
47314,836149,1.0,6
47315,837051,0.8571428656578064,8
47316,837855,0.7692307829856873,7
47317,838757,0.8571428656578064,8
47318,839461,1.0,6
47319,839697,0.7692307829856873,7
47320,839983,0.7692307829856873,7
47321,840245,0.7692307829856873,7
47322,840502,0.8571428656578064,8
47323,840817,0.8571428656578064,8
47324,841719,0.8571428656578064,8
47325,842621,0.8571428656578064,8
47326,843325,1.0,6
47327,843554,0.7692307829856873,7
47328,844456,0.8571428656578064,8
47329,845358,0.8571428656578064,8
47330,846162,0.7692307829856873,7
47331,847064,0.8571428656578064,8
47332,847283,1.0,6
47333,848185,0.8571428656578064,8
47334,848989,0.7692307829856873,7
47335,849155,1.0,6
47336,850057,0.8571428656578064,8
47337,850959,0.8571428656578064,8
47338,851763,0.7692307829856873,7
47339,852168,0.7692307829856873,7
47340,852396,1.0,6
47341,852594,0.8571428656578064,8
47342,852771,0.8571428656578064,8
47343,853673,0.8571428656578064,8
47344,854575,0.8571428656578064,8
47345,855379,0.7692307829856873,7
47346,855561,1.0,6
47347,856463,0.8571428656578064,8
47348,857365,0.8571428656578064,8
47349,857509,1.0,6
47350,858313,0.7692307829856873,7
47351,859215,0.8571428656578064,8
47352,859400,1.0,6
47353,860302,0.8214285373687744,8
47354,860471,0.8571428656578064,8
47355,861275,0.807692289352417,7
47356,861474,1.0,6
47357,862376,0.8571428656578064,8
47358,863180,0.7692307829856873,7
47359,864082,0.7857142686843872,8
47360,864984,0.8214285373687744,8
47361,865172,0.8214285373687744,8
47362,865431,0.807692289352417,7
47363,866235,0.7692307829856873,7
47364,867039,0.7692307829856873,7
47365,867843,0.7692307829856873,7
47366,868745,0.8571428656578064,8
47367,868936,0.8571428656578064,8
47368,869838,0.8571428656578064,8
47369,870642,0.7692307829856873,7
47370,871544,0.8214285373687744,8
47371,871807,0.8571428656578064,8
47372,872709,0.8214285373687744,8
47373,872938,0.7692307829856873,7
47374,873259,0.7692307829856873,7
47375,873430,1.0,6
47376,874134,1.0,6
47377,874838,1.0,6
47378,875542,1.0,6
47379,876246,1.0,6
47380,877148,0.7857142686843872,8
47381,877412,0.807692289352417,7
47382,878314,0.7857142686843872,8
47383,878506,0.7857142686843872,8
47384,879310,0.7692307829856873,7
47385,880114,0.807692289352417,7
47386,880406,0.8461538553237915,7
47387,881118,0.8214285373687744,8
47388,881305,0.8461538553237915,7
47389,882009,1.0,6
47390,882713,1.0,6
47391,882919,0.8461538553237915,7
47392,883213,0.8461538553237915,7
47393,884017,0.8461538553237915,7
47394,884202,1.0,6
47395,885006,0.8461538553237915,7
47396,885177,1.0,6
47397,886079,0.7857142686843872,8
47398,886981,0.7857142686843872,8
47399,887234,0.7857142686843872,8
47400,887938,1.0,6
47401,888124,0.8214285373687744,8
47402,888828,1.0,6
47403,889190,0.8571428656578064,8
47404,889994,0.8461538553237915,7
47405,890165,1.0,6
47406,890506,0.8461538553237915,7
47407,891310,0.807692289352417,7
47408,892014,1.0,6
47409,892916,0.8214285373687744,8
47410,893620,1.0,6
47411,894324,1.0,6
47412,895226,0.7857142686843872,8
47413,895517,0.8461538553237915,7
47414,895784,0.8461538553237915,7
47415,896488,1.0,6
47416,896700,0.8461538553237915,7
47417,896974,0.8214285373687744,8
47418,897778,0.8461538553237915,7
47419,898482,1.0,6
47420,898895,0.8571428656578064,8
47421,899699,0.8461538553237915,7
47422,899925,0.8571428656578064,8
47423,900081,1.0,6
47424,900310,1.0,6
47425,900547,0.8461538553237915,7
47426,900908,0.8571428656578064,8
47427,901712,0.8461538553237915,7
47428,901875,1.0,6
47429,902139,0.8571428656578064,8
47430,902374,1.0,6
47431,902556,1.0,6
47432,903360,0.8461538553237915,7
47433,903499,1.0,6
47434,904401,0.8571428656578064,8
47435,905105,1.0,6
47436,905909,0.8461538553237915,7
47437,906109,1.0,6
47438,906383,0.8571428656578064,8
47439,906603,0.8461538553237915,7
47440,906897,0.8461538553237915,7
47441,907090,1.0,6
47442,907992,0.8571428656578064,8
47443,908894,0.8214285373687744,8
47444,909135,0.8461538553237915,7
47445,909839,1.0,6
47446,910643,0.8461538553237915,7
47447,911545,0.7857142686843872,8
47448,912447,0.7857142686843872,8
47449,912641,0.8461538553237915,7
47450,913543,0.7857142686843872,8
47451,913782,0.8461538553237915,7
47452,914586,0.8461538553237915,7
47453,915390,0.8461538553237915,7
47454,915575,1.0,6
47455,915748,1.0,6
47456,916552,0.8461538553237915,7
47457,916849,0.7857142686843872,8
47458,917553,1.0,6
47459,917760,0.8461538553237915,7
47460,918464,1.0,6
47461,918639,1.0,6
47462,919443,0.8461538553237915,7
47463,920247,0.8461538553237915,7
47464,921149,0.7857142686843872,8
47465,921307,1.0,6
47466,921481,1.0,6
47467,922185,1.0,6
47468,923087,0.8214285373687744,8
47469,923989,0.7857142686843872,8
47470,924891,0.7857142686843872,8
47471,925793,0.7857142686843872,8
47472,925956,1.0,6
47473,926858,0.7857142686843872,8
47474,927073,0.7857142686843872,8
47475,927337,0.7857142686843872,8
47476,928239,0.7857142686843872,8
47477,929141,0.7857142686843872,8
47478,929319,1.0,6
47479,930221,0.7857142686843872,8
47480,930431,0.8461538553237915,7
47481,931333,0.7857142686843872,8
47482,931481,1.0,6
47483,931735,1.0,6
47484,932637,0.7857142686843872,8
47485,932904,0.8461538553237915,7
47486,933806,0.7857142686843872,8
47487,933961,0.7857142686843872,8
47488,934187,0.8461538553237915,7
47489,934314,1.0,6
47490,935018,1.0,6
47491,935920,0.7857142686843872,8
47492,936822,0.7857142686843872,8
47493,937060,0.8461538553237915,7
47494,937357,0.7857142686843872,8
47495,938259,0.7857142686843872,8
47496,938477,0.7857142686843872,8
47497,938829,0.7857142686843872,8
47498,939058,1.0,6
47499,939283,0.8461538553237915,7
47500,940185,0.7857142686843872,8
