train_episode,train_steps,time,env
54751,54925,1780572278.2839284,10
54752,55154,1780572278.6624722,10
54753,55411,1780572279.040363,9
54754,55683,1780572279.535718,10
54755,55969,1780572280.0524592,9
54756,56161,1780572281.2708879,9
54757,57089,1780572283.0848656,9
54758,58050,1780572284.917182,10
54759,59045,1780572286.394291,11
54760,60006,1780572288.053175,10
54761,60967,1780572289.4437065,10
54762,61155,1780572289.6125774,9
54763,62116,1780572290.935324,10
54764,63111,1780572292.8444676,11
54765,63339,1780572293.0945206,9
54766,64267,1780572294.489102,9
54767,64506,1780572378.8480778,10
54768,65467,1780572380.1330507,10
54769,65631,1780572380.3040962,11
54770,66559,1780572381.7384698,9
54771,67554,1780572382.9284153,11
54772,67940,1780572383.459125,11
54773,68935,1780572384.9743264,11
54774,69896,1780572386.1357417,10
54775,70824,1780572387.5200822,9
54776,71819,1780572389.2743595,11
54777,72064,1780572389.5319648,10
54778,73059,1780572391.0794053,11
54779,73351,1780572391.3805814,9
54780,74346,1780572392.8812304,11
54781,74568,1780572393.1226964,9
54782,75529,1780572394.2817538,10
54783,76524,1780572491.0823662,11
54784,76851,1780572491.4686716,9
54785,77846,1780572492.8750353,11
54786,78774,1780572494.2696264,9
54787,79022,1780572494.5530486,10
54788,79276,1780572495.0201204,9
54789,79525,1780572495.2813048,10
54790,80453,1780572496.7118416,9
54791,81448,1780572498.4867237,11
54792,81725,1780572498.7881258,9
54793,82027,1780572499.2351267,11
54794,82988,1780572501.2426188,10
54795,83983,1780572503.0000262,11
54796,84944,1780572504.6260123,10
54797,85939,1780572506.3432612,11
54798,86900,1780572507.3338573,10
54799,87861,1780572613.937434,10
54800,88043,1780572614.1264112,9
54801,88482,1780572614.5690076,9
54802,89477,1780572616.477961,11
54803,89746,1780572616.7684648,11
54804,90035,1780572617.3062913,11
54805,90380,1780572617.7250867,11
54806,91341,1780572618.7349436,10
54807,91602,1780572619.2728512,11
54808,92563,1780572620.8421636,10
54809,92891,1780572621.1951609,10
54810,93084,1780572621.7210028,10
54811,93265,1780572621.9636126,11
54812,94226,1780572623.152256,10
54813,95154,1780572624.0821605,9
54814,95346,1780572624.2841616,9
54815,96307,1780572697.3088303,10
54816,97235,1780572698.5223281,9
54817,97553,1780572698.8674896,11
54818,98548,1780572700.3212342,11
54819,98771,1780572700.7576463,11
54820,99699,1780572702.1562834,9
54821,100627,1780572703.4273276,9
54822,101588,1780572705.349342,10
54823,102583,1780572706.9160562,11
54824,103578,1780572707.785129,11
54825,104573,1780572709.4768684,11
54826,105568,1780572711.1786466,11
54827,106529,1780572712.6925244,10
54828,106903,1780572713.0687149,9
54829,107898,1780572715.0341709,11
54830,108893,1780572716.10323,11
54831,109146,1780572840.3542016,9
54832,110141,1780572841.857787,11
54833,110358,1780572842.0848079,10
54834,110642,1780572842.5462368,10
54835,110957,1780572843.1447742,11
54836,111918,1780572844.4095125,10
54837,112162,1780572844.7021203,11
54838,113090,1780572846.6783202,9
54839,114018,1780572847.807891,9
54840,114372,1780572848.3060079,9
54841,115300,1780572849.7826967,9
54842,116295,1780572851.4539447,11
54843,117290,1780572852.946634,11
54844,117468,1780572853.1648793,10
54845,118396,1780572854.691542,9
54846,119324,1780572856.1048694,9
54847,120319,1780572948.6266472,11
54848,120523,1780572948.8518498,11
54849,121518,1780572950.5935645,11
54850,121717,1780572950.8043423,9
54851,122645,1780572952.2256174,9
54852,123640,1780572953.518633,11
54853,123909,1780572953.8129034,9
54854,124075,1780572953.9794836,10
54855,125036,1780572956.0378103,10
54856,125997,1780572956.95889,10
54857,126925,1780572958.2851014,9
54858,127243,1780572958.6716053,10
54859,127533,1780572959.3787513,9
54860,128494,1780572961.180148,10
54861,129455,1780572962.5485408,10
54862,130416,1780572964.3139923,10
54863,131344,1780573069.3895862,9
54864,132272,1780573070.837534,9
54865,133267,1780573072.6683106,11
54866,134262,1780573074.5050263,11
54867,134577,1780573074.8558092,11
54868,135538,1780573076.288453,10
54869,135759,1780573076.8052592,10
54870,136720,1780573078.3913255,10
54871,137034,1780573078.7488816,10
54872,137326,1780573079.030505,9
54873,137774,1780573079.8863235,9
54874,138702,1780573080.982713,9
54875,139630,1780573082.746299,9
54876,139961,1780573083.1684406,10
54877,140200,1780573083.9758277,11
54878,141195,1780573085.0039127,11
54879,142156,1780573188.3219242,10
54880,143084,1780573189.3596122,9
54881,144045,1780573191.0277658,10
54882,144205,1780573191.1991463,10
54883,145200,1780573192.0633101,11
54884,146128,1780573193.39035,9
54885,147089,1780573194.9497623,10
54886,148050,1780573196.5606446,10
54887,149045,1780573198.6938062,11
54888,150040,1780573200.0042,11
54889,151035,1780573201.714955,11
54890,151996,1780573203.3290813,10
54891,152957,1780573205.0333428,10
54892,153175,1780573205.2627873,9
54893,153434,1780573205.557521,10
54894,154395,1780573207.300814,10
54895,155356,1780573327.226388,10
54896,156351,1780573328.459976,11
54897,157312,1780573330.3553152,10
54898,158307,1780573331.991433,11
54899,159302,1780573333.46584,11
54900,160263,1780573334.3725054,10
54901,161191,1780573335.6564853,9
54902,161359,1780573336.2064114,10
54903,162320,1780573337.260661,10
54904,163281,1780573338.8601735,10
54905,163502,1780573339.590865,11
54906,164497,1780573340.7067392,11
54907,165492,1780573341.938023,11
54908,166487,1780573343.1372044,11
54909,166730,1780573343.9985595,11
54910,167044,1780573344.369898,10
54911,168005,1780573453.4111125,10
54912,168966,1780573455.0906777,10
54913,169252,1780573455.3670216,9
54914,169440,1780573455.5437176,9
54915,170435,1780573457.0229845,11
54916,170726,1780573457.309412,9
54917,170902,1780573457.7149975,10
54918,171830,1780573459.0695696,9
54919,172758,1780573460.5224414,9
54920,173076,1780573461.3404267,11
54921,174071,1780573462.4062874,11
54922,175032,1780573464.0957968,10
54923,176027,1780573465.7630343,11
54924,176317,1780573466.0990617,9
54925,176498,1780573466.7931275,9
54926,177459,1780573468.8510494,10
54927,178387,1780573566.0473685,9
54928,179348,1780573567.24369,10
54929,180276,1780573568.1564982,9
54930,181271,1780573570.1077116,11
54931,181516,1780573570.3768837,11
54932,182444,1780573571.721089,9
54933,182635,1780573571.933665,10
54934,183630,1780573573.863998,11
54935,183816,1780573574.089991,11
54936,184034,1780573574.2949455,9
54937,184995,1780573576.015006,10
54938,185956,1780573577.6287243,10
54939,186917,1780573579.1768396,10
54940,187155,1780573579.4537432,11
54941,188116,1780573580.3320954,10
54942,189111,1780573582.428964,11
54943,190106,1780573680.5035079,11
54944,191101,1780573682.0986586,11
54945,191367,1780573682.3835013,10
54946,191675,1780573682.9193377,11
54947,192636,1780573684.053522,10
54948,192787,1780573684.2137208,10
54949,193782,1780573686.0038786,11
54950,194092,1780573686.3701751,10
54951,195053,1780573687.8265913,10
54952,195981,1780573689.0661337,9
54953,196942,1780573690.6436598,10
54954,197387,1780573691.125833,9
54955,197578,1780573691.8151386,9
54956,197907,1780573692.2028556,10
54957,198868,1780573694.0995955,10
54958,199796,1780573695.3209543,9
54959,200757,1780573786.889001,10
54960,201752,1780573788.1694326,11
54961,202713,1780573789.806653,10
54962,203641,1780573791.4938316,9
54963,203928,1780573792.0482147,9
54964,204856,1780573793.3977904,9
54965,205851,1780573794.9733512,11
54966,206846,1780573796.5266316,11
54967,207176,1780573797.2277598,10
54968,208171,1780573798.6833322,11
54969,208396,1780573798.914163,9
54970,209324,1780573799.9545236,9
54971,209700,1780573800.881777,11
54972,210661,1780573802.0595577,10
54973,210890,1780573802.3286097,11
54974,211060,1780573802.5083055,9
54975,212055,1780573896.2330208,11
54976,213016,1780573897.7634995,10
54977,214011,1780573899.322683,11
54978,214310,1780573899.7974699,9
54979,214548,1780573900.0504904,11
54980,215543,1780573901.211324,11
54981,216471,1780573902.5602796,9
54982,217466,1780573903.8521533,11
54983,217721,1780573904.153521,10
54984,217935,1780573904.761017,11
54985,218181,1780573905.0190256,10
54986,219142,1780573906.4732473,10
54987,220070,1780573907.1864944,9
54988,221031,1780573908.549035,10
54989,221992,1780573909.8309567,10
54990,222408,1780573910.7947261,11
54991,223369,1780573998.5061355,10
54992,224330,1780574000.1837556,10
54993,225291,1780574001.4659934,10
54994,225603,1780574001.9864597,10
54995,226564,1780574003.175444,10
54996,227559,1780574004.9446623,11
54997,228554,1780574006.4273338,11
54998,229515,1780574007.8835354,10
54999,230510,1780574009.581491,11
55000,230769,1780574009.8465662,11
55001,231031,1780574010.1083596,9
55002,232026,1780574011.76135,11
55003,232266,1780574012.0118,9
55004,233261,1780574013.903666,11
55005,233551,1780574014.2099953,11
55006,234546,1780574015.067051,11
55007,234868,1780574113.6410098,11
55008,235863,1780574114.314189,11
55009,236824,1780574115.6212227,10
55010,237819,1780574117.0981956,11
55011,238081,1780574117.6039798,10
55012,238346,1780574117.8679967,9
55013,239341,1780574119.9229865,11
55014,239670,1780574120.2934296,9
55015,240665,1780574122.1577964,11
55016,241626,1780574124.2041774,10
55017,242621,1780574124.8283718,11
55018,242902,1780574125.087112,10
55019,243863,1780574126.695291,10
55020,244824,1780574128.1224666,10
55021,245071,1780574128.3606904,9
55022,246066,1780574130.3636844,11
55023,247027,1780574216.9584503,10
55024,248022,1780574218.9246483,11
55025,248295,1780574219.2235506,10
55026,248455,1780574219.3911023,11
55027,249450,1780574220.782465,11
55028,249676,1780574221.0901635,10
55029,249994,1780574221.5760837,9
55030,250922,1780574223.0345364,9
55031,251104,1780574223.2602959,11
55032,252099,1780574224.5929916,11
55033,253094,1780574226.6362548,11
55034,253455,1780574227.0081935,10
55035,254416,1780574228.447211,10
55036,255411,1780574229.514448,11
55037,255684,1780574230.2982347,10
55038,256679,1780574231.595493,11
55039,257674,1780574317.4818566,11
55040,258635,1780574318.9888043,10
55041,258977,1780574319.3140707,10
55042,259972,1780574320.8140774,11
55043,260236,1780574321.0826976,9
55044,261164,1780574322.5771792,9
55045,261409,1780574322.7912965,9
55046,262404,1780574324.3711708,11
55047,262681,1780574324.677986,9
55048,263676,1780574326.9283774,11
55049,264637,1780574328.157092,10
55050,264812,1780574328.8000388,10
55051,265740,1780574329.7915957,9
55052,266701,1780574331.448147,10
55053,267142,1780574331.8663404,9
55054,267458,1780574332.7075062,10
55055,268419,1780574420.468285,10
55056,269414,1780574422.003001,11
55057,269625,1780574422.1971464,9
55058,270586,1780574423.6553895,10
55059,271547,1780574425.1943638,10
55060,272508,1780574425.9533317,10
55061,273503,1780574427.7560089,11
55062,274498,1780574429.189595,11
55063,275493,1780574430.590735,11
55064,275828,1780574430.8706896,9
55065,276823,1780574432.21759,11
55066,277818,1780574433.0574036,11
55067,278813,1780574435.0941916,11
55068,279808,1780574436.867903,11
55069,280769,1780574437.5251417,10
55070,281730,1780574439.1191785,10
55071,282691,1780574545.2242231,10
55072,283619,1780574546.468632,9
55073,284614,1780574548.4268715,11
55074,284889,1780574548.7112277,10
55075,285112,1780574548.9603088,11
55076,285392,1780574549.5345306,11
55077,285621,1780574549.833293,11
55078,286616,1780574551.9729161,11
55079,286917,1780574552.3122337,10
55080,287103,1780574552.4812446,9
55081,287378,1780574553.0765178,10
55082,288373,1780574554.635732,11
55083,288646,1780574554.952018,10
55084,289641,1780574556.5381665,11
55085,290636,1780574557.744739,11
55086,291597,1780574559.3532495,10
55087,292558,1780574643.8286715,10
55088,292858,1780574644.1558812,11
55089,293786,1780574645.3873208,9
55090,294082,1780574645.8698225,11
55091,295043,1780574647.1756532,10
55092,295971,1780574648.4774778,9
55093,296966,1780574649.734152,11
55094,297961,1780574651.0613527,11
55095,298956,1780574652.5932121,11
55096,299884,1780574654.0556257,9
55097,300845,1780574655.5450344,10
55098,301126,1780574655.8161614,11
55099,301345,1780574656.0177608,9
55100,301486,1780574656.1944315,11
55101,301693,1780574656.4309525,9
55102,302654,1780574658.4761684,10
55103,302984,1780574744.359414,11
55104,303979,1780574745.889237,11
55105,304974,1780574747.5129488,11
55106,305190,1780574747.7124178,9
55107,306118,1780574749.1756468,9
55108,307113,1780574750.3797925,11
55109,308074,1780574751.7995474,10
55110,309002,1780574752.944434,9
55111,309997,1780574754.3843591,11
55112,310992,1780574755.6413324,11
55113,311238,1780574755.9054198,11
55114,312199,1780574756.701124,10
55115,313127,1780574758.102721,9
55116,313343,1780574758.3046627,10
55117,313535,1780574758.5310388,11
55118,313815,1780574759.342356,10
55119,314810,1780574839.7155697,11
55120,315005,1780574839.8822818,9
55121,315290,1780574840.2637756,11
55122,316251,1780574841.54421,10
55123,316548,1780574841.8797946,9
55124,316966,1780574842.5282664,10
55125,317894,1780574843.9767313,9
55126,318855,1780574845.2425692,10
55127,319164,1780574845.5705943,10
55128,319434,1780574846.066663,9
55129,320395,1780574847.527407,10
55130,321390,1780574849.0653424,11
55131,321698,1780574849.4066956,11
55132,321930,1780574849.6297822,11
55133,322925,1780574851.8568683,11
55134,323149,1780574852.1211808,10
55135,324077,1780574928.747428,9
55136,325072,1780574930.3227532,11
55137,326033,1780574931.4374173,10
55138,326274,1780574931.675223,10
55139,327235,1780574933.2903845,10
55140,328163,1780574934.6533577,9
55141,329158,1780574936.3743618,11
55142,329324,1780574936.5287154,10
55143,329588,1780574937.1858213,9
55144,330549,1780574938.2567642,10
55145,331477,1780574939.758578,9
55146,331723,1780574940.4527984,11
55147,332718,1780574942.3436778,11
55148,333646,1780574943.1906273,9
55149,333904,1780574943.4441612,10
55150,334185,1780574943.736417,11
55151,334420,1780575032.4957998,9
55152,335415,1780575033.657633,11
55153,336376,1780575035.0050197,10
55154,336640,1780575035.2746646,9
55155,337635,1780575036.7596881,11
55156,338630,1780575038.491883,11
55157,338841,1780575038.676706,10
55158,339836,1780575040.1112041,11
55159,340148,1780575040.467299,11
55160,340366,1780575040.941391,10
55161,340620,1780575041.2004075,9
55162,340909,1780575041.5652735,11
55163,341199,1780575041.8992,10
55164,342127,1780575043.0022924,9
55165,342320,1780575043.3094432,11
55166,343281,1780575045.050494,10
55167,344242,1780575116.5928056,10
55168,345170,1780575117.8079832,9
55169,346165,1780575119.3259609,11
55170,346428,1780575119.5827436,11
55171,347423,1780575121.1900396,11
55172,348418,1780575122.4823587,11
55173,349413,1780575123.6206975,11
55174,349637,1780575123.85524,10
55175,350598,1780575125.7028286,10
55176,350856,1780575125.9752774,10
55177,351784,1780575127.403059,9
55178,352712,1780575128.3382282,9
55179,352990,1780575128.6141083,9
55180,353985,1780575130.3096933,11
55181,354233,1780575130.5837836,10
55182,354444,1780575130.7785,10
55183,355439,1780575216.9623744,11
55184,355754,1780575217.3879402,10
55185,356749,1780575218.8852074,11
55186,357710,1780575219.988442,10
55187,358082,1780575220.6222813,11
55188,359043,1780575221.9570775,10
55189,360004,1780575223.0798292,10
55190,360250,1780575223.6424513,11
55191,360529,1780575223.933647,9
55192,360842,1780575224.2763884,11
55193,361803,1780575225.9016266,10
55194,362731,1780575227.401992,9
55195,362975,1780575227.7361698,11
55196,363234,1780575228.4705808,10
55197,364195,1780575229.701104,10
55198,365190,1780575231.5528338,11
55199,366185,1780575317.4925914,11
55200,367113,1780575318.9322593,9
55201,368041,1780575320.19878,9
55202,368969,1780575321.2425442,9
55203,369897,1780575322.274654,9
55204,370114,1780575322.4762793,9
55205,370288,1780575322.9172683,10
55206,371249,1780575324.3310046,10
55207,372177,1780575325.538997,9
55208,372436,1780575325.86134,11
55209,373397,1780575327.0967815,10
55210,373641,1780575327.3817122,10
55211,373865,1780575327.6555383,10
55212,374860,1780575329.2625725,11
55213,375821,1780575330.8837132,10
55214,376782,1780575331.762564,10
55215,377710,1780575416.759972,9
55216,378705,1780575418.1808217,11
55217,379633,1780575419.1364014,9
55218,380561,1780575420.5757957,9
55219,381522,1780575421.7119,10
55220,382483,1780575423.1393452,10
55221,382670,1780575423.651407,10
55222,382945,1780575423.8888743,9
55223,383906,1780575425.3747582,10
55224,384901,1780575426.8889465,11
55225,385131,1780575427.128434,11
55226,385606,1780575427.6368787,10
55227,386567,1780575429.180041,10
55228,386883,1780575430.0254004,11
55229,387036,1780575430.1888046,11
55230,387964,1780575431.2791383,9
55231,388959,1780575536.3861556,11
55232,389920,1780575537.012876,10
55233,390915,1780575538.6607437,11
55234,391876,1780575540.2931695,10
55235,392091,1780575540.5420914,11
55236,393052,1780575541.756061,10
55237,394013,1780575543.003504,10
55238,394194,1780575543.1757202,9
55239,395155,1780575544.663175,10
55240,395301,1780575544.8432386,10
55241,396262,1780575546.3328795,10
55242,397190,1780575547.2431529,9
55243,397416,1780575548.0442257,11
55244,397737,1780575548.4733489,11
55245,398732,1780575550.5810726,11
55246,398933,1780575550.8314416,10
55247,399894,1780575639.807823,10
55248,400889,1780575641.0144258,11
55249,401129,1780575641.218689,11
55250,402090,1780575642.7861557,10
55251,402308,1780575643.2814572,11
55252,402555,1780575643.588179,11
55253,403516,1780575645.0051231,10
55254,403698,1780575645.203765,10
55255,404659,1780575647.1276119,10
55256,405654,1780575649.186056,11
55257,406615,1780575650.0746682,10
55258,406975,1780575650.8728187,10
55259,407936,1780575652.592596,10
55260,408297,1780575652.9555228,9
55261,408564,1780575653.220566,10
55262,408753,1780575653.4220052,11
55263,409714,1780575744.7541318,10
55264,410709,1780575745.9850242,11
55265,411670,1780575747.219585,10
55266,411861,1780575747.4072874,9
55267,412822,1780575749.4522111,10
55268,413080,1780575749.736087,9
55269,414075,1780575750.6651595,11
55270,414249,1780575750.8512833,10
55271,415177,1780575752.3790853,9
55272,416172,1780575754.2175639,11
55273,416504,1780575754.6325614,10
55274,416731,1780575754.9293182,11
55275,417659,1780575756.7533214,9
55276,417833,1780575756.9592378,9
55277,418828,1780575758.5435927,11
55278,419064,1780575758.7954683,9
55279,419992,1780575848.7425227,9
55280,420987,1780575850.2766228,11
55281,421206,1780575850.6696358,11
55282,421500,1780575851.1367695,9
55283,422428,1780575852.4139316,9
55284,422691,1780575852.869378,9
55285,422977,1780575853.1812754,11
55286,423905,1780575854.457087,9
55287,424833,1780575856.3244169,9
55288,425001,1780575856.4877467,9
55289,425423,1780575857.0139408,11
55290,425929,1780575858.1144626,9
55291,426924,1780575860.246095,11
55292,427885,1780575861.7825677,10
55293,428880,1780575863.3314323,11
55294,429808,1780575864.0999444,9
55295,430803,1780575961.4650328,11
55296,431798,1780575963.03325,11
55297,432793,1780575965.01166,11
55298,433098,1780575965.3278403,11
55299,433407,1780575965.9110303,11
55300,434402,1780575966.6115162,11
55301,434558,1780575967.0551555,10
55302,434848,1780575967.3161654,9
55303,435108,1780575967.6523225,10
55304,435396,1780575968.402741,10
55305,436324,1780575970.098526,9
55306,436765,1780575970.7129853,9
55307,437088,1780575971.139168,10
55308,438083,1780575973.4681082,11
55309,439011,1780575974.918461,9
55310,439257,1780575975.1921458,9
55311,439674,1780576057.2050452,11
55312,440602,1780576058.3865623,9
55313,441530,1780576059.638477,9
55314,441930,1780576060.1453805,11
55315,442891,1780576061.9130814,10
55316,443819,1780576063.6090112,9
55317,444814,1780576065.3771496,11
55318,445809,1780576066.9356756,11
55319,446770,1780576068.4884686,10
55320,447731,1780576069.891927,10
55321,448005,1780576070.2000434,10
55322,448193,1780576070.3826942,9
55323,449188,1780576072.2248507,11
55324,449406,1780576072.9592898,10
55325,449727,1780576073.3766978,11
55326,449974,1780576073.607626,9
55327,450290,1780576174.6585863,9
55328,451218,1780576175.874259,9
55329,452146,1780576176.8815095,9
55330,453107,1780576178.4477897,10
55331,453294,1780576178.6753354,10
55332,454289,1780576180.2200108,11
55333,455250,1780576181.9152303,10
55334,456178,1780576183.509337,9
55335,457173,1780576185.2395313,11
55336,458168,1780576186.9862013,11
55337,459096,1780576188.1041923,9
55338,459378,1780576188.422248,9
55339,460339,1780576189.8715928,10
55340,460591,1780576190.1192045,9
55341,461552,1780576192.2957377,10
55342,462480,1780576193.667568,9
55343,463441,1780576314.8986926,10
55344,464436,1780576316.0886192,11
55345,465364,1780576317.1279972,9
55346,466325,1780576318.4047632,10
55347,467286,1780576319.6684685,10
55348,467740,1780576320.2242362,10
55349,468087,1780576320.9135444,11
55350,469048,1780576322.544083,10
55351,469213,1780576322.719186,9
55352,469436,1780576322.9820254,11
55353,470364,1780576324.5978277,9
55354,471325,1780576326.6084313,10
55355,472320,1780576328.5555067,11
55356,473315,1780576330.4999034,11
55357,473506,1780576330.737756,11
55358,474467,1780576332.6142569,10
55359,475428,1780576442.0247111,10
55360,476356,1780576443.1878521,9
55361,477317,1780576444.5935588,10
55362,478245,1780576445.640405,9
55363,478411,1780576445.8665197,10
55364,479372,1780576447.790738,10
55365,479552,1780576447.9896684,11
55366,480513,1780576449.5398753,10
55367,480750,1780576450.168157,11
55368,481711,1780576451.842283,10
55369,482055,1780576452.2103853,9
55370,483016,1780576453.9355617,10
55371,483193,1780576454.103304,9
55372,484188,1780576455.7751276,11
55373,484453,1780576456.1128106,11
55374,484699,1780576456.431385,11
55375,485627,1780576553.1215785,9
55376,486622,1780576554.4125962,11
55377,487583,1780576555.7171454,10
55378,488578,1780576556.8699994,11
55379,488794,1780576557.2648902,9
55380,488987,1780576557.4632,9
55381,489197,1780576557.6856277,9
55382,490125,1780576559.5597546,9
55383,491120,1780576560.9629416,11
55384,492081,1780576562.311896,10
55385,492251,1780576562.5136292,10
55386,492538,1780576562.8613966,10
55387,493499,1780576563.9082296,10
55388,493665,1780576564.101106,9
55389,493881,1780576564.3585348,9
55390,494084,1780576564.583389,10
55391,495079,1780576644.3924375,11
55392,496007,1780576645.096265,9
55393,497002,1780576646.7886953,11
55394,497963,1780576648.2732155,10
55395,498924,1780576650.123551,10
55396,499283,1780576650.506852,10
55397,499520,1780576651.02024,9
55398,500515,1780576652.5033705,11
55399,501443,1780576653.7600853,9
55400,501688,1780576653.9902115,10
55401,502683,1780576655.8134296,11
55402,502900,1780576656.1247518,11
55403,503861,1780576657.1916025,10
55404,504789,1780576658.7159276,9
55405,505072,1780576658.9836805,9
55406,506033,1780576660.4287329,10
55407,506344,1780576769.1514475,11
55408,507339,1780576769.6662242,11
55409,508334,1780576770.9734886,11
55410,508593,1780576771.2337344,11
55411,509588,1780576773.1649346,11
55412,509876,1780576773.4725668,10
55413,510837,1780576774.933701,10
55414,511021,1780576775.1579258,10
55415,511267,1780576775.422445,10
55416,512228,1780576776.9967735,10
55417,512389,1780576777.4694898,11
55418,513350,1780576778.9992418,10
55419,513578,1780576779.2390702,11
55420,514539,1780576780.6193812,10
55421,514820,1780576780.8749754,9
55422,515142,1780576781.167244,9
55423,515429,1780576856.3268,9
55424,515650,1780576856.603551,11
55425,515943,1780576857.0063663,10
55426,516142,1780576857.2975318,11
55427,516312,1780576857.5742595,10
55428,517273,1780576858.972812,10
55429,517581,1780576859.5329058,11
55430,518576,1780576861.0983138,11
55431,518808,1780576861.3334825,9
55432,519736,1780576862.5912497,9
55433,519975,1780576863.104679,10
55434,520265,1780576863.4864926,11
55435,521226,1780576865.177034,10
55436,522154,1780576866.7509224,9
55437,522443,1780576867.4423583,11
55438,523438,1780576868.2947643,11
55439,524366,1780576937.181219,9
55440,525361,1780576938.2595656,11
55441,526289,1780576939.0352767,9
55442,527250,1780576940.6030679,10
55443,527494,1780576940.9113727,11
55444,528489,1780576943.0024335,11
55445,528746,1780576943.5612876,10
55446,529674,1780576944.8961399,9
55447,529856,1780576945.0688624,9
55448,530851,1780576946.6949332,11
55449,531812,1780576948.220291,10
55450,532071,1780576948.5313947,11
55451,532377,1780576948.8643978,11
55452,533372,1780576950.4003394,11
55453,534367,1780576952.4613514,11
55454,535362,1780576954.2472,11
55455,536357,1780577057.0477495,11
55456,536634,1780577057.3541079,11
55457,537562,1780577059.008998,9
55458,538490,1780577060.5231764,9
55459,538736,1780577060.7922275,10
55460,538951,1780577061.0229597,10
55461,539239,1780577061.690147,10
55462,540234,1780577063.5654812,11
55463,540512,1780577063.832969,9
55464,541440,1780577065.8820107,9
55465,541670,1780577066.121736,9
55466,542665,1780577067.786464,11
55467,543593,1780577069.2428336,9
55468,543851,1780577069.5086153,9
55469,544812,1780577071.2939935,10
55470,545740,1780577072.5027285,9
55471,546668,1780577172.155213,9
55472,546932,1780577172.3857057,9
55473,547893,1780577173.853312,10
55474,548888,1780577175.562408,11
55475,549883,1780577176.808781,11
55476,550811,1780577178.050644,9
55477,551772,1780577179.4025812,10
55478,552003,1780577179.6262188,11
55479,552998,1780577181.8464484,11
55480,553293,1780577182.15825,11
55481,554288,1780577184.0168657,11
55482,555216,1780577185.0282893,9
55483,555449,1780577185.7301033,9
55484,555652,1780577185.9363217,10
55485,556580,1780577186.9900565,9
55486,556789,1780577187.248999,9
55487,557750,1780577292.933925,10
55488,558745,1780577294.1428351,11
55489,558992,1780577294.33574,9
55490,559987,1780577295.8379881,11
55491,560982,1780577297.5462701,11
55492,561237,1780577297.796359,9
55493,561511,1780577298.089395,10
55494,562506,1780577299.7170675,11
55495,563434,1780577301.154615,9
55496,564362,1780577302.3497188,9
55497,565357,1780577304.2655673,11
55498,566318,1780577305.958857,10
55499,566526,1780577306.157154,11
55500,567487,1780577307.3643484,10
55501,568482,1780577309.057009,11
55502,569410,1780577310.881056,9
55503,570371,1780577423.5392866,10
55504,571366,1780577424.6739902,11
55505,572294,1780577426.0143704,9
55506,572501,1780577426.443011,10
55507,572714,1780577426.6415122,10
55508,573709,1780577428.629484,11
55509,574637,1780577429.638153,9
55510,574865,1780577429.879745,9
55511,575860,1780577431.494809,11
55512,576010,1780577431.6498415,10
55513,576242,1780577432.2104368,9
55514,577237,1780577433.7001157,11
55515,578198,1780577434.5915117,10
55516,579159,1780577436.200405,10
55517,580087,1780577437.7736433,9
55518,581082,1780577439.2387142,11
55519,582077,1780577535.2344482,11
55520,583038,1780577536.5829582,10
55521,583259,1780577536.799079,10
55522,584220,1780577538.236935,10
55523,584472,1780577538.5239322,10
55524,584693,1780577538.733861,9
55525,585688,1780577540.688177,11
55526,585952,1780577540.9168522,9
55527,586209,1780577541.4595938,10
55528,587204,1780577543.1261184,11
55529,588165,1780577544.4903796,10
55530,589093,1780577546.2288048,9
55531,590021,1780577547.959156,9
55532,590982,1780577548.947721,10
55533,591977,1780577550.2788253,11
55534,592938,1780577551.2280464,10
55535,593933,1780577654.8368738,11
55536,594928,1780577656.1110177,11
55537,595923,1780577657.8245373,11
55538,596851,1780577659.048235,9
55539,597846,1780577660.645972,11
55540,598841,1780577662.33799,11
55541,599067,1780577662.6058412,11
55542,600062,1780577664.1040113,11
55543,600222,1780577664.278721,10
55544,601150,1780577665.749424,9
55545,602111,1780577667.6134074,10
55546,602340,1780577667.8937614,11
55547,602596,1780577668.150858,9
55548,603591,1780577669.0323148,11
55549,604586,1780577671.1042147,11
55550,605581,1780577673.1385002,11
55551,606542,1780577786.1715105,10
55552,606788,1780577786.426676,9
55553,607051,1780577786.6906195,9
55554,608012,1780577787.8293445,10
55555,609007,1780577789.6109927,11
55556,609400,1780577790.307216,11
55557,610328,1780577792.0074217,9
55558,611323,1780577793.4919996,11
55559,612284,1780577794.9049528,10
55560,612476,1780577795.0971456,9
55561,612618,1780577795.2354565,10
55562,613613,1780577797.0613413,11
55563,613931,1780577797.455309,10
55564,614859,1780577799.1959665,9
55565,615056,1780577799.454338,11
55566,615984,1780577801.3716702,9
55567,616979,1780577898.3802085,11
55568,617974,1780577899.9583004,11
55569,618266,1780577900.2887967,9
55570,619194,1780577901.6670024,9
55571,620189,1780577903.0534616,11
55572,621150,1780577904.8803496,10
55573,622145,1780577906.2213035,11
55574,623073,1780577907.6952748,9
55575,624068,1780577909.6328316,11
55576,624362,1780577909.9660385,11
55577,625290,1780577911.5178106,9
55578,626285,1780577912.9431067,11
55579,626517,1780577913.852986,11
55580,627478,1780577914.9808578,10
55581,628473,1780577916.9755094,11
55582,629434,1780577917.9846406,10
55583,630429,1780578036.0825837,11
55584,631357,1780578037.3919191,9
55585,631541,1780578037.709158,9
55586,632502,1780578039.057044,10
55587,633497,1780578040.7558122,11
55588,634458,1780578041.6868808,10
55589,634610,1780578041.8534436,11
55590,635605,1780578043.5148687,11
55591,636600,1780578044.7559032,11
55592,636845,1780578045.03138,11
55593,637806,1780578046.7909954,10
55594,638734,1780578048.4630454,9
55595,639729,1780578050.3396928,11
55596,640690,1780578051.9985995,10
55597,640954,1780578052.265767,11
55598,641949,1780578054.0101554,11
55599,642877,1780578164.8867733,9
55600,643805,1780578166.1915333,9
55601,644733,1780578167.4594536,9
55602,645008,1780578167.9056,9
55603,645936,1780578169.1718981,9
55604,646931,1780578171.358554,11
55605,647194,1780578171.9055393,11
55606,647472,1780578172.2243562,10
55607,648467,1780578173.8638797,11
55608,649462,1780578175.528323,11
55609,650423,1780578177.2191403,10
55610,650695,1780578177.5117984,10
55611,651623,1780578179.0159576,9
55612,652618,1780578180.724419,11
55613,652904,1780578181.090563,11
55614,653865,1780578182.3249862,10
55615,654302,1780578298.0963063,9
55616,655230,1780578298.8192077,9
55617,656191,1780578299.8574152,10
55618,657152,1780578301.098557,10
55619,657376,1780578301.5770786,11
55620,657596,1780578301.8762207,11
55621,657914,1780578302.4555912,11
55622,658875,1780578303.959635,10
55623,659836,1780578305.4063585,10
55624,660065,1780578306.0561757,10
55625,660993,1780578307.7839684,9
55626,661921,1780578309.3961377,9
55627,662882,1780578310.9509552,10
55628,663877,1780578312.0726357,11
55629,664136,1780578312.3866556,11
55630,665131,1780578314.3591259,11
55631,665298,1780578411.2468693,10
55632,666226,1780578412.0936904,9
55633,667221,1780578413.6448398,11
55634,668149,1780578414.7828314,9
55635,669144,1780578416.3404408,11
55636,670105,1780578417.921068,10
55637,671033,1780578419.3869145,9
55638,671961,1780578420.5988307,9
55639,672956,1780578422.202727,11
55640,673951,1780578423.8388908,11
55641,674248,1780578424.183548,11
55642,675243,1780578425.7624729,11
55643,675486,1780578426.0158992,10
55644,676481,1780578427.82966,11
55645,676735,1780578428.0964675,10
55646,677696,1780578430.0754662,10
55647,678691,1780578545.1126385,11
55648,679619,1780578546.6117313,9
55649,679845,1780578546.8675754,11
55650,680083,1780578547.2660563,10
55651,681011,1780578548.9443533,9
55652,681972,1780578550.4862902,10
55653,682193,1780578551.017924,10
55654,683121,1780578552.393903,9
55655,684116,1780578554.0384684,11
55656,685111,1780578555.5680664,11
55657,685465,1780578556.0053027,10
55658,686393,1780578557.543538,9
55659,687388,1780578559.1889763,11
55660,687673,1780578559.541225,11
55661,687851,1780578559.7389076,10
55662,688217,1780578560.1787663,11
55663,689212,1780578660.1826074,11
55664,689469,1780578660.523188,9
55665,690397,1780578661.950473,9
55666,691358,1780578663.5812776,10
55667,692319,1780578664.9360836,10
55668,693247,1780578666.22434,9
55669,694242,1780578667.9543734,11
55670,694392,1780578668.0826645,11
55671,694682,1780578668.7917833,9
55672,694889,1780578668.993213,9
55673,695884,1780578670.2495553,11
55674,696845,1780578671.1268072,10
55675,697840,1780578672.7023265,11
55676,698017,1780578672.898266,9
55677,698945,1780578674.8920176,9
55678,699390,1780578675.3400888,9
55679,699696,1780578778.6955352,10
55680,700657,1780578779.4997392,10
55681,701652,1780578781.2403972,11
55682,701876,1780578781.4414809,9
55683,702837,1780578783.1276891,10
55684,703765,1780578784.6391616,9
55685,704760,1780578785.0174878,11
55686,704943,1780578785.2313104,11
55687,705871,1780578786.539864,9
55688,706799,1780578787.8869085,9
55689,706966,1780578788.0509138,10
55690,707894,1780578789.5879352,9
55691,708822,1780578791.2130444,9
55692,709783,1780578792.2924995,10
55693,710031,1780578792.5505528,10
55694,710272,1780578792.8455591,11
55695,711233,1780578881.7556653,10
55696,712161,1780578882.92684,9
55697,712396,1780578883.2683244,9
55698,713324,1780578884.686757,9
55699,713641,1780578884.9463842,9
55700,714569,1780578886.3332787,9
55701,715530,1780578887.955491,10
55702,716458,1780578889.7149541,9
55703,717419,1780578891.358134,10
55704,718380,1780578892.6498108,10
55705,719341,1780578894.4518151,10
55706,720269,1780578895.5559266,9
55707,721264,1780578897.6812856,11
55708,722259,1780578899.406218,11
55709,722487,1780578899.6735227,11
55710,722715,1780578899.8847106,9
55711,723710,1780579016.1411521,11
55712,724671,1780579017.3268878,10
55713,724921,1780579017.7312295,9
55714,725849,1780579018.9806776,9
55715,726777,1780579020.602013,9
55716,726941,1780579020.7971756,10
55717,727869,1780579022.719956,9
55718,728797,1780579023.6158676,9
55719,729028,1780579024.1925783,9
55720,730023,1780579025.2331207,11
55721,730215,1780579025.8227057,9
55722,730452,1780579026.0426166,9
55723,731413,1780579027.8060458,10
55724,732408,1780579028.9568684,11
55725,733369,1780579030.8544521,10
55726,733570,1780579031.1054397,10
55727,734565,1780579136.5538003,11
55728,735493,1780579137.6468801,9
55729,736488,1780579138.614171,11
55730,736672,1780579138.8147268,9
55731,736969,1780579139.3025508,9
55732,737897,1780579141.0001283,9
55733,738858,1780579142.5182147,10
55734,739118,1780579142.8563817,10
55735,739505,1780579143.6654184,11
55736,740466,1780579145.4954283,10
55737,741394,1780579146.9836373,9
55738,742389,1780579148.9938407,11
55739,743350,1780579150.5781858,10
55740,744311,1780579152.3123403,10
55741,745306,1780579153.2902164,11
55742,746301,1780579155.070055,11
55743,747229,1780579271.5237687,9
55744,748224,1780579273.1989446,11
55745,749152,1780579274.3965118,9
55746,749365,1780579274.6502793,11
55747,749522,1780579274.7863874,9
55748,750483,1780579275.917313,10
55749,751478,1780579277.3754025,11
55750,752473,1780579279.467262,11
55751,753434,1780579280.8037436,10
55752,753720,1780579281.1046848,10
55753,753896,1780579281.2903984,10
55754,754824,1780579282.3097475,9
55755,755785,1780579283.5169284,10
55756,756780,1780579285.2329526,11
55757,757741,1780579286.8469234,10
55758,758736,1780579288.2508292,11
55759,759697,1780579395.757084,10
55760,760692,1780579397.3573,11
55761,761687,1780579398.5682425,11
55762,761937,1780579399.059743,10
55763,762145,1780579399.2705572,10
55764,763140,1780579401.4042525,11
55765,763568,1780579401.8324018,9
55766,764529,1780579402.4842238,10
55767,764798,1780579402.7800546,10
55768,765793,1780579404.203711,11
55769,766721,1780579405.5531964,9
55770,767682,1780579407.3278978,10
55771,768677,1780579408.3857915,11
55772,769672,1780579409.6984873,11
55773,770667,1780579410.3915744,11
55774,770962,1780579411.3510196,9
55775,771890,1780579519.4486346,9
55776,772159,1780579519.8530421,11
55777,773154,1780579521.502416,11
55778,774115,1780579523.231266,10
55779,774345,1780579523.501359,10
55780,774512,1780579523.93949,9
55781,775507,1780579525.2199736,11
55782,776435,1780579526.389794,9
55783,777430,1780579527.8656535,11
55784,778358,1780579528.119749,9
55785,778528,1780579528.3194845,10
55786,779523,1780579529.9563575,11
55787,780484,1780579530.5573993,10
55788,781445,1780579532.1767612,10
55789,781708,1780579532.467168,9
55790,781991,1780579532.7700481,9
55791,782986,1780579627.4370332,11
55792,783231,1780579627.7840688,11
55793,784159,1780579628.63834,9
55794,785120,1780579630.1590388,10
55795,785352,1780579630.4202406,9
55796,786347,1780579631.9978552,11
55797,786532,1780579632.1839073,9
55798,786734,1780579632.3887165,9
55799,787662,1780579633.6163056,9
55800,788590,1780579634.6454148,9
55801,788744,1780579634.8219986,11
55802,789672,1780579635.9153533,9
55803,790600,1780579637.1642377,9
55804,791561,1780579638.3601725,10
55805,791964,1780579639.4757028,10
55806,792179,1780579639.742003,9
55807,792458,1780579719.1031635,10
55808,793453,1780579720.3786116,11
55809,794448,1780579721.982717,11
55810,794828,1780579722.390204,10
55811,795823,1780579724.2136247,11
55812,796078,1780579724.7440872,11
55813,797039,1780579726.188684,10
55814,797244,1780579726.3822036,9
55815,798205,1780579727.8611948,10
55816,798462,1780579728.4612074,10
55817,799423,1780579730.2914288,10
55818,800351,1780579731.9164782,9
55819,800682,1780579732.348838,10
55820,800917,1780579732.5803676,9
55821,801878,1780579734.5928268,10
55822,802806,1780579735.7145019,9
55823,803767,1780579843.1142192,10
55824,804063,1780579843.4446583,11
55825,805058,1780579845.184907,11
55826,806053,1780579847.1358497,11
55827,807048,1780579848.8737772,11
55828,808009,1780579850.1900532,10
55829,809004,1780579851.7200098,11
55830,809999,1780579853.1853795,11
55831,810994,1780579854.7805398,11
55832,811922,1780579856.2940207,9
55833,812850,1780579857.9447289,9
55834,813778,1780579858.7453818,9
55835,813987,1780579858.968443,11
55836,814190,1780579859.722976,9
55837,815185,1780579860.9982722,11
55838,815436,1780579861.250341,9
55839,815659,1780579987.4203272,9
55840,815992,1780579987.7396376,11
55841,816236,1780579988.028242,11
55842,817197,1780579989.215492,10
55843,818158,1780579990.698502,10
55844,818434,1780579990.9938824,9
55845,819362,1780579992.756305,9
55846,819736,1780579993.6427965,11
55847,820731,1780579995.3269842,11
55848,821659,1780579996.9163327,9
55849,821972,1780579997.3083124,11
55850,822215,1780579997.87946,9
55851,823210,1780579999.6781602,11
55852,823512,1780579999.9380276,9
55853,824440,1780580000.7356706,9
55854,824859,1780580001.6586146,9
55855,825854,1780580092.426848,11
55856,826849,1780580093.99088,11
55857,827040,1780580094.2885835,9
55858,828001,1780580095.9884474,10
55859,828192,1780580096.1744566,10
55860,829187,1780580097.7130263,11
55861,829442,1780580097.9918323,11
55862,830437,1780580099.5602632,11
55863,830663,1780580100.1209223,11
55864,831624,1780580101.5972567,10
55865,832619,1780580103.281064,11
55866,832880,1780580103.5329108,11
55867,833875,1780580105.2462604,11
55868,834803,1780580106.0553288,9
55869,835041,1780580106.3398116,11
55870,835388,1780580106.7258022,11
55871,836383,1780580208.339578,11
55872,837344,1780580209.5916626,10
55873,838305,1780580211.0500486,10
55874,839233,1780580212.3569336,9
55875,839427,1780580212.5895727,10
55876,840355,1780580214.1001472,9
55877,841283,1780580215.2244296,9
55878,841489,1780580215.4993017,11
55879,842484,1780580217.1557941,11
55880,843479,1780580218.3659592,11
55881,844474,1780580220.0408113,11
55882,844812,1780580220.73886,11
55883,845740,1780580221.559993,9
55884,845970,1780580221.89111,11
55885,846931,1780580223.614645,10
55886,847212,1780580223.905803,9
55887,847478,1780580328.2533872,9
55888,848406,1780580329.2577496,9
55889,849367,1780580330.5696187,10
55890,850362,1780580331.797243,11
55891,850556,1780580332.0172186,9
55892,851484,1780580333.2733412,9
55893,852479,1780580334.5606463,11
55894,852680,1780580334.8100386,11
55895,853066,1780580335.6118364,11
55896,854061,1780580337.2486145,11
55897,854455,1780580338.1288023,11
55898,854838,1780580338.5596232,11
55899,855004,1780580338.739727,9
55900,855965,1780580340.7666981,10
55901,856269,1780580341.710619,10
55902,857230,1780580343.0094988,10
55903,858158,1780580432.47477,9
55904,858459,1780580432.7600067,9
55905,858677,1780580433.0723543,10
55906,859672,1780580434.729151,11
55907,859922,1780580434.9817467,9
55908,860883,1780580436.333796,10
55909,861811,1780580437.3033078,9
55910,862033,1780580437.5322056,11
55911,862418,1780580437.9283912,11
55912,863379,1780580438.89188,10
55913,863665,1780580439.4945984,11
55914,863927,1780580439.7286038,9
55915,864855,1780580441.2977865,9
55916,865051,1780580441.5197573,9
55917,866046,1780580443.429964,11
55918,867007,1780580445.2301302,10
55919,867935,1780580526.4958997,9
55920,868930,1780580528.4265027,11
55921,869891,1780580530.2961593,10
55922,870819,1780580531.5588605,9
55923,871780,1780580533.104519,10
55924,872035,1780580533.3979347,11
55925,873030,1780580534.6715567,11
55926,873958,1780580536.0581455,9
55927,874919,1780580537.2603173,10
55928,875914,1780580539.023077,11
55929,876842,1780580540.1328697,9
55930,877770,1780580540.9413106,9
55931,878029,1780580541.717348,10
55932,878303,1780580541.9606588,9
55933,879298,1780580543.1279132,11
55934,879543,1780580543.9594896,9
55935,880504,1780580660.186781,10
55936,881432,1780580661.1715164,9
55937,882393,1780580662.6182814,10
55938,883354,1780580664.202331,10
55939,883576,1780580664.4072428,9
55940,884537,1780580665.9644263,10
55941,885498,1780580667.1972263,10
55942,886459,1780580668.3724551,10
55943,887387,1780580669.6714568,9
55944,887613,1780580669.9652593,11
55945,888541,1780580671.7106082,9
55946,889536,1780580673.5642629,11
55947,890531,1780580674.4107332,11
55948,891492,1780580674.9037764,10
55949,891749,1780580675.6788833,10
55950,892744,1780580677.02026,11
55951,892966,1780580784.1333182,9
55952,893160,1780580784.3116524,10
55953,894088,1780580784.8961582,9
55954,895083,1780580785.865323,11
55955,895310,1780580786.240844,10
55956,896305,1780580787.9311738,11
55957,896661,1780580788.322579,11
55958,896884,1780580788.7195165,9
55959,897812,1780580789.9059293,9
55960,898056,1780580790.155359,9
55961,899017,1780580791.7921054,10
55962,899279,1780580792.1167777,11
55963,899546,1780580792.4696472,10
55964,899798,1780580792.8018293,11
55965,900003,1780580793.4582136,9
55966,900931,1780580795.0744407,9
55967,901091,1780580862.232136,10
55968,902019,1780580863.3156621,9
55969,902980,1780580865.09006,10
55970,903157,1780580865.2572641,9
55971,904152,1780580866.897894,11
55972,905147,1780580868.7501426,11
55973,905361,1780580868.994079,9
55974,906289,1780580870.6538763,9
55975,907217,1780580871.6919816,9
55976,908145,1780580872.968444,9
55977,908366,1780580873.1891515,9
55978,909327,1780580874.8285363,10
55979,910322,1780580876.7994132,11
55980,911250,1780580878.2503936,9
55981,912211,1780580879.9289036,10
55982,913139,1780580880.9705517,9
55983,914067,1780581002.6646366,9
55984,914244,1780581002.84049,9
55985,915172,1780581004.252849,9
55986,916167,1780581006.4082236,11
55987,916459,1780581006.7113783,9
55988,917420,1780581008.5106628,10
55989,918348,1780581009.2603056,9
55990,919309,1780581011.1791267,10
55991,919541,1780581011.4204917,10
55992,920536,1780581013.0340748,11
55993,920833,1780581013.3941844,10
55994,921761,1780581014.9298272,9
55995,922756,1780581016.8014233,11
55996,923061,1780581017.1649225,11
55997,924056,1780581018.9838367,11
55998,924312,1780581019.2413638,10
55999,925240,1780581130.2918699,9
56000,926168,1780581131.3312213,9
56001,926459,1780581131.680368,10
56002,927454,1780581133.5047932,11
56003,927767,1780581133.8727546,11
56004,927951,1780581134.028269,9
56005,928912,1780581135.6569273,10
56006,929873,1780581136.9676,10
56007,930131,1780581137.2767894,11
56008,931092,1780581138.6656866,10
56009,932087,1780581140.302031,11
56010,933015,1780581141.3173568,9
56011,933240,1780581141.9650054,10
56012,934201,1780581142.9736478,10
56013,935196,1780581144.6126688,11
56014,935424,1780581144.8477654,10
56015,935711,1780581248.6261814,10
56016,936169,1780581249.1478992,10
56017,937130,1780581249.9298224,10
56018,937399,1780581250.3853958,9
56019,937701,1780581250.7572408,9
56020,937898,1780581250.9851396,11
56021,938893,1780581252.1579585,11
56022,939158,1780581252.4727094,11
56023,939324,1780581252.6326833,9
56024,939597,1780581253.1604414,9
56025,939877,1780581253.5346632,11
56026,940139,1780581253.8548753,9
56027,941067,1780581255.428423,9
56028,942028,1780581257.077086,10
56029,942455,1780581257.5801792,11
56030,942669,1780581257.8888276,10
56031,943597,1780581319.0984538,9
56032,944558,1780581319.8382926,10
56033,944835,1780581320.202415,9
56034,945763,1780581321.3075352,9
56035,946090,1780581321.87084,11
56036,947018,1780581322.8413377,9
56037,948013,1780581324.7381835,11
56038,948941,1780581326.121759,9
56039,949869,1780581327.6123745,9
56040,950864,1780581329.193914,11
56041,951092,1780581329.4651492,11
56042,952053,1780581330.914794,10
56043,952204,1780581331.03648,9
56044,953199,1780581332.8774173,11
56045,953354,1780581333.0642643,11
56046,953608,1780581333.920133,10
56047,954603,1780581426.8422587,11
56048,955531,1780581428.434242,9
56049,956526,1780581430.2842093,11
56050,956747,1780581430.518055,10
56051,956933,1780581430.7408512,10
56052,957261,1780581431.408883,10
56053,958256,1780581433.1837745,11
56054,959217,1780581434.6917176,10
56055,959479,1780581435.3885908,11
56056,960407,1780581436.9557822,9
56057,961335,1780581438.537731,9
56058,962296,1780581439.948035,10
56059,962569,1780581440.8037431,9
56060,963564,1780581442.0879195,11
56061,964559,1780581443.8283987,11
56062,965487,1780581445.3722456,9
56063,966482,1780581561.2487645,11
56064,967410,1780581562.450482,9
56065,967651,1780581562.8883612,11
56066,968068,1780581563.5063295,11
56067,969029,1780581564.99725,10
56068,969957,1780581566.613111,9
56069,970918,1780581568.256509,10
56070,971913,1780581569.575455,11
56071,972908,1780581571.2633812,11
56072,973836,1780581572.3670218,9
56073,974160,1780581573.1835442,9
56074,975088,1780581574.2526436,9
56075,975312,1780581575.077197,9
56076,976273,1780581576.30323,10
56077,976549,1780581576.5928667,9
56078,976820,1780581577.6095722,9
56079,977056,1780581688.8092577,11
56080,978051,1780581689.9180162,11
56081,979046,1780581691.8703113,11
56082,979229,1780581692.054167,9
56083,979443,1780581692.4745214,11
56084,979650,1780581692.7257814,11
56085,980611,1780581694.3665557,10
56086,980837,1780581694.615541,9
56087,981765,1780581696.1380951,9
56088,982016,1780581696.4528692,11
56089,983011,1780581698.8853788,11
56090,983972,1780581700.5549023,10
56091,984900,1780581701.6291413,9
56092,985895,1780581703.6276464,11
56093,986856,1780581704.961498,10
56094,987784,1780581706.5079207,9
56095,988712,1780581816.5545049,9
56096,988965,1780581816.8283944,10
56097,989926,1780581818.2865472,10
56098,990887,1780581820.3032997,10
56099,991126,1780581820.57987,10
56100,992121,1780581822.3132424,11
56101,993082,1780581823.8655689,10
56102,994043,1780581825.4919016,10
56103,994971,1780581826.9593132,9
56104,995267,1780581827.313971,11
56105,995497,1780581827.5584633,10
56106,996492,1780581829.256732,11
56107,997453,1780581830.9778688,10
56108,998448,1780581832.3733907,11
56109,999376,1780581834.137305,9
56110,1000304,1780581836.0486083,9
56111,1001299,1780581959.5725243,11
56112,1002260,1780581960.7538433,10
56113,1003221,1780581962.1793618,10
56114,1004149,1780581963.410457,9
56115,1005077,1780581965.2077117,9
56116,1006038,1780581966.974573,10
56117,1007033,1780581968.610267,11
56118,1007961,1780581970.011554,9
56119,1008200,1780581970.2361913,9
56120,1008426,1780581970.4707162,10
56121,1009354,1780581972.000043,9
56122,1009577,1780581972.2727985,11
56123,1010572,1780581974.1491063,11
56124,1010862,1780581974.4760456,9
56125,1011345,1780581975.1331143,11
56126,1012306,1780581976.9976814,10
56127,1013267,1780582082.1639264,10
56128,1014195,1780582083.3089879,9
56129,1015123,1780582084.4007595,9
56130,1015450,1780582084.9656522,11
56131,1016378,1780582086.2803688,9
56132,1017339,1780582087.8905172,10
56133,1017507,1780582088.1103883,10
56134,1018435,1780582089.4268694,9
56135,1019430,1780582091.1042545,11
56136,1020391,1780582092.6913571,10
56137,1021352,1780582094.04271,10
56138,1022280,1780582094.715508,9
56139,1023241,1780582096.45891,10
56140,1023561,1780582096.8033202,10
56141,1023928,1780582097.2272203,11
56142,1024889,1780582098.800587,10
56143,1025134,1780582204.3122594,9
56144,1025549,1780582204.7570162,11
56145,1025778,1780582205.068944,10
56146,1026773,1780582206.1884565,11
56147,1027008,1780582206.5762937,9
56148,1028003,1780582208.170094,11
56149,1028444,1780582208.673605,9
56150,1028725,1780582209.212006,9
56151,1028992,1780582209.534238,10
56152,1029169,1780582209.788897,11
56153,1030130,1780582211.880607,10
56154,1031091,1780582213.4516408,10
56155,1032019,1780582214.9402041,9
56156,1033014,1780582216.8335693,11
56157,1033181,1780582216.97622,9
56158,1034109,1780582218.2933772,9
56159,1035104,1780582301.8572955,11
56160,1035404,1780582302.2735465,11
56161,1036399,1780582303.9541461,11
56162,1037327,1780582305.297908,9
56163,1038322,1780582307.1349273,11
56164,1039250,1780582308.3025057,9
56165,1040178,1780582309.3723598,9
56166,1040617,1780582310.262439,10
56167,1041578,1780582311.833802,10
56168,1042539,1780582312.967628,10
56169,1043534,1780582314.562827,11
56170,1044462,1780582316.3181946,9
56171,1044634,1780582316.5063052,9
56172,1045595,1780582318.3601096,10
56173,1045864,1780582318.6274552,9
56174,1046825,1780582320.5059898,10
56175,1047786,1780582435.13651,10
56176,1048714,1780582435.7542274,9
56177,1049642,1780582437.012538,9
56178,1050603,1780582438.621969,10
56179,1050829,1780582438.8585453,9
56180,1051757,1780582440.8280358,9
56181,1052718,1780582442.4294121,10
56182,1053679,1780582443.9799495,10
56183,1054640,1780582445.5769525,10
56184,1054912,1780582445.9156275,11
56185,1055116,1780582446.1579497,10
56186,1056111,1780582447.8854961,11
56187,1057072,1780582449.8548524,10
56188,1057336,1780582450.159355,11
56189,1058297,1780582451.8975093,10
56190,1059292,1780582453.629912,11
56191,1060253,1780582571.6608167,10
56192,1061214,1780582572.8458095,10
56193,1062175,1780582573.8881788,10
56194,1062351,1780582574.0811765,10
56195,1062820,1780582574.836473,10
56196,1063781,1780582575.9171996,10
56197,1064709,1780582577.4157925,9
56198,1064891,1780582577.5931706,9
56199,1065194,1780582577.9214065,10
56200,1065451,1780582578.4860983,9
56201,1066446,1780582580.1160264,11
56202,1067441,1780582580.996328,11
56203,1067622,1780582581.5665832,9
56204,1067823,1780582581.8361208,11
56205,1068784,1780582582.8508713,10
56206,1069779,1780582584.4752967,11
56207,1070774,1780582668.548829,11
56208,1070953,1780582668.7386744,11
56209,1071095,1780582668.8813636,10
56210,1072090,1780582670.661937,11
56211,1073085,1780582672.068011,11
56212,1074013,1780582672.9078033,9
56213,1075008,1780582674.9503744,11
56214,1075283,1780582675.2577324,10
56215,1075558,1780582675.5637622,10
56216,1075769,1780582675.790519,9
56217,1076697,1780582677.4344401,9
56218,1077658,1780582678.6772609,10
56219,1078619,1780582680.160028,10
56220,1078845,1780582680.46013,11
56221,1079840,1780582682.2914658,11
56222,1080053,1780582682.4911613,10
56223,1081014,1780582777.539065,10
56224,1081975,1780582778.6367068,10
56225,1082273,1780582779.1470935,11
56226,1082596,1780582779.690314,11
56227,1082872,1780582779.9737492,10
56228,1083833,1780582781.321582,10
56229,1084051,1780582781.5831516,11
56230,1084979,1780582782.8930361,9
56231,1085940,1780582784.893622,10
56232,1086257,1780582785.2273185,10
56233,1086490,1780582785.482365,9
56234,1087485,1780582787.4841244,11
56235,1087680,1780582787.6945949,11
56236,1088641,1780582789.4044802,10
56237,1089636,1780582791.2596931,11
56238,1090597,1780582791.8900476,10
56239,1091558,1780582884.6075022,10
56240,1092553,1780582886.3436587,11
56241,1093548,1780582887.4693882,11
56242,1093856,1780582887.8109043,10
56243,1094817,1780582888.9276798,10
56244,1095182,1780582889.6328933,10
56245,1095349,1780582889.8324149,9
56246,1096310,1780582891.3558903,10
56247,1097305,1780582892.9399798,11
56248,1097577,1780582893.6718743,10
56249,1097788,1780582893.9325273,10
56250,1098783,1780582895.7400656,11
56251,1099778,1780582897.3996124,11
56252,1100007,1780582897.6055424,9
56253,1100968,1780582899.3171613,10
56254,1101963,1780582900.7160227,11
56255,1102891,1780583006.0018291,9
56256,1103886,1780583007.346958,11
56257,1104881,1780583009.0532644,11
56258,1105842,1780583010.558862,10
56259,1106004,1780583010.727792,10
56260,1106932,1780583012.0470655,9
56261,1107927,1780583014.0564575,11
56262,1108888,1780583015.4612782,10
56263,1109100,1780583015.6840053,9
56264,1110095,1780583017.637747,11
56265,1111090,1780583019.3977265,11
56266,1112085,1780583020.743127,11
56267,1113046,1780583022.3233407,10
56268,1113325,1780583022.6020384,11
56269,1113573,1780583022.844307,11
56270,1113830,1780583023.1210418,11
56271,1114041,1780583138.4144342,9
56272,1114363,1780583138.7277727,9
56273,1114677,1780583139.1068509,11
56274,1115672,1780583140.332235,11
56275,1115813,1780583140.5933127,10
56276,1116808,1780583142.1772792,11
56277,1117062,1780583142.4637284,9
56278,1117223,1780583142.642161,11
56279,1118184,1780583144.4018862,10
56280,1118357,1780583144.6036835,9
56281,1119352,1780583145.7847292,11
56282,1119649,1780583146.426643,9
56283,1119906,1780583146.6993866,10
56284,1120151,1780583146.9632566,10
56285,1120299,1780583147.1209586,11
56286,1121294,1780583148.711673,11
56287,1122255,1780583215.1898525,10
56288,1123216,1780583216.776395,10
56289,1123527,1780583217.293552,11
56290,1123976,1780583217.958527,10
56291,1124904,1780583218.92098,9
56292,1125042,1780583219.0787916,10
56293,1125266,1780583219.5672104,9
56294,1125627,1780583220.0834794,11
56295,1126555,1780583221.850793,9
56296,1127550,1780583223.9026263,11
56297,1128478,1780583225.0935419,9
56298,1129473,1780583226.467118,11
56299,1130468,1780583227.7411005,11
56300,1131396,1780583229.5717828,9
56301,1132391,1780583230.5345464,11
56302,1132615,1780583230.793197,10
56303,1133576,1780583329.231773,10
56304,1133815,1780583329.4744005,10
56305,1134810,1780583331.1824236,11
56306,1135805,1780583332.5958405,11
56307,1136766,1780583333.9006045,10
56308,1137761,1780583335.6031742,11
56309,1138142,1780583336.0264215,11
56310,1138415,1780583336.5869744,9
56311,1138778,1780583336.975316,10
56312,1138985,1780583337.2171168,10
56313,1139980,1780583339.5751128,11
56314,1140220,1780583339.8443396,11
56315,1141215,1780583341.9869905,11
56316,1141462,1780583342.2655072,10
56317,1142390,1780583344.0103042,9
56318,1142617,1780583344.3139524,11
56319,1142833,1780583442.5504706,9
56320,1143794,1780583443.7153273,10
56321,1144755,1780583445.3014276,10
56322,1144966,1780583445.5468109,9
56323,1145961,1780583447.270285,11
56324,1146956,1780583449.2910318,11
56325,1147951,1780583450.8229048,11
56326,1148946,1780583452.132671,11
56327,1149941,1780583453.4654484,11
56328,1150244,1780583453.8055499,9
56329,1150476,1780583454.493449,9
56330,1151471,1780583455.6345813,11
56331,1151684,1780583456.3305125,9
56332,1152645,1780583457.4228835,10
56333,1153640,1780583458.9675126,11
56334,1153878,1780583459.2827718,11
56335,1154839,1780583565.6656833,10
56336,1155834,1780583567.1630833,11
56337,1156829,1780583568.5146196,11
56338,1157824,1780583570.0232344,11
56339,1158752,1780583571.1888504,9
56340,1159092,1780583571.786473,9
56341,1159322,1780583571.9921951,9
56342,1159489,1780583572.1574674,10
56343,1160450,1780583573.8533535,10
56344,1161378,1780583575.3148127,9
56345,1162306,1780583576.8722858,9
56346,1162573,1780583577.1389706,10
56347,1162799,1780583577.401593,10
56348,1163794,1780583579.1624548,11
56349,1164722,1780583579.9725895,9
56350,1165683,1780583581.5579135,10
56351,1166678,1780583691.8715265,11
56352,1167606,1780583693.0426683,9
56353,1167874,1780583693.32627,9
56354,1168835,1780583694.5853784,10
56355,1169830,1780583696.3424275,11
56356,1170791,1780583697.7705657,10
56357,1171752,1780583699.002475,10
56358,1171935,1780583699.180178,9
56359,1172930,1780583701.084524,11
56360,1173891,1780583702.444928,10
56361,1174198,1780583702.812546,11
56362,1174400,1780583703.0682456,11
56363,1175395,1780583704.3904343,11
56364,1176323,1780583705.3810198,9
56365,1176500,1780583706.1456392,10
56366,1176756,1780583706.4410608,11
56367,1177684,1780583808.5386927,9
56368,1177980,1780583808.9435253,10
56369,1178941,1780583810.3698554,10
56370,1179902,1780583812.2285028,10
56371,1180093,1780583812.4605603,11
56372,1180345,1780583812.7742188,11
56373,1181273,1780583814.056843,9
56374,1181411,1780583814.4546165,10
56375,1182406,1780583815.9038444,11
56376,1182650,1780583816.185167,10
56377,1182836,1780583816.3976035,9
56378,1183121,1780583817.1255484,10
56379,1184082,1780583818.761145,10
56380,1184296,1780583819.026014,10
56381,1184592,1780583819.4130652,11
56382,1184864,1780583819.7505035,10
56383,1185859,1780583899.871904,11
56384,1186005,1780583899.9992507,9
56385,1186933,1780583901.4142756,9
56386,1187894,1780583902.9671934,10
56387,1188855,1780583904.284631,10
56388,1189150,1780583904.9245822,11
56389,1189338,1780583905.1683068,9
56390,1190266,1780583906.5431864,9
56391,1191261,1780583908.1520102,11
56392,1192256,1780583909.868138,11
56393,1192424,1780583910.04182,9
56394,1192634,1780583910.6832023,9
56395,1193595,1780583911.9320266,10
56396,1193848,1780583912.634093,10
56397,1194066,1780583912.8404315,9
56398,1195061,1780583914.1381998,11
56399,1195322,1780584008.311833,11
56400,1196317,1780584009.5969582,11
56401,1196595,1780584010.0286534,10
56402,1196943,1780584010.5446968,10
56403,1197144,1780584010.8166342,11
56404,1198139,1780584013.0887597,11
56405,1199134,1780584014.8504586,11
56406,1200062,1780584016.3274865,9
56407,1201023,1780584017.2896116,10
56408,1201390,1780584017.9881403,10
56409,1202385,1780584018.6520312,11
56410,1202679,1780584019.4132097,11
56411,1203163,1780584020.095344,11
56412,1203391,1780584020.3316674,10
56413,1204352,1780584021.8354833,10
56414,1204501,1780584022.0125678,10
56415,1205496,1780584112.5048165,11
56416,1206424,1780584113.440168,9
56417,1206666,1780584113.7009876,10
56418,1206936,1780584114.1100738,9
56419,1207864,1780584115.5958557,9
56420,1208091,1780584115.8378475,11
56421,1209019,1780584117.7838752,9
56422,1209947,1780584119.5032456,9
56423,1210875,1780584120.6735692,9
56424,1211112,1780584120.9368882,10
56425,1212107,1780584122.40245,11
56426,1213035,1780584124.0037174,9
56427,1213367,1780584124.4398663,11
56428,1214328,1780584125.8047545,10
56429,1214598,1780584126.0977824,10
56430,1215526,1780584127.1422539,9
56431,1216521,1780584222.8172898,11
56432,1217482,1780584224.3120692,10
56433,1217683,1780584224.5263467,10
56434,1217976,1780584225.0186944,10
56435,1218971,1780584226.4898503,11
56436,1219932,1780584228.0268397,10
56437,1220893,1780584229.8140602,10
56438,1221141,1780584230.5564613,10
56439,1222069,1780584232.1658604,9
56440,1223064,1780584233.37856,11
56441,1223325,1780584234.1282783,9
56442,1224253,1780584235.9888856,9
56443,1225181,1780584237.3384967,9
56444,1226176,1780584238.980598,11
56445,1227137,1780584240.8348782,10
56446,1228098,1780584241.920641,10
56447,1229059,1780584374.6915846,10
56448,1229297,1780584374.9139702,10
56449,1230225,1780584375.772641,9
56450,1231153,1780584376.8356335,9
56451,1231440,1780584377.3249884,10
56452,1231687,1780584377.619594,10
56453,1232009,1780584378.25229,10
56454,1232937,1780584379.4295812,9
56455,1233898,1780584380.742482,10
56456,1234184,1780584381.0486884,9
56457,1234387,1780584381.5959055,9
56458,1235315,1780584383.0694995,9
56459,1236276,1780584384.8903067,10
56460,1236556,1780584385.1895552,9
56461,1237517,1780584387.156712,10
56462,1237732,1780584387.3714714,9
56463,1238693,1780584469.1817255,10
56464,1239621,1780584470.5767376,9
56465,1239849,1780584470.8255358,11
56466,1240810,1780584472.4463103,10
56467,1241805,1780584474.2914157,11
56468,1242733,1780584475.5389724,9
56469,1243694,1780584476.9747899,10
56470,1244689,1780584478.6692724,11
56471,1245684,1780584479.8533862,11
56472,1246055,1780584480.272261,10
56473,1246983,1780584481.750612,9
56474,1247239,1780584482.0404577,10
56475,1248234,1780584484.179876,11
56476,1249162,1780584485.2017379,9
56477,1250157,1780584487.2912645,11
56478,1251152,1780584488.126941,11
56479,1252113,1780584614.1363657,10
56480,1252260,1780584614.2941875,10
56481,1253221,1780584615.8011835,10
56482,1254216,1780584617.626679,11
56483,1254493,1780584617.9142423,9
56484,1254716,1780584618.3445024,9
56485,1255677,1780584619.4121962,10
56486,1256638,1780584621.0385413,10
56487,1257566,1780584622.6894875,9
56488,1258561,1780584624.2740843,11
56489,1259556,1780584626.0973659,11
56490,1260551,1780584627.755371,11
56491,1261479,1780584629.514319,9
56492,1262407,1780584630.6388884,9
56493,1263402,1780584632.2329187,11
56494,1264397,1780584634.2663763,11
56495,1265325,1780584769.8002305,9
56496,1266253,1780584771.0594928,9
56497,1267214,1780584772.739887,10
56498,1267508,1780584773.0820408,10
56499,1267773,1780584773.5734606,9
56500,1268023,1780584773.809892,9
56501,1268984,1780584775.198691,10
56502,1269945,1780584777.1095517,10
56503,1270294,1780584777.4923007,11
56504,1270617,1780584777.90019,9
56505,1271545,1780584779.3617718,9
56506,1271714,1780584779.5573368,9
56507,1272675,1780584781.1852152,10
56508,1273603,1780584782.7593968,9
56509,1273806,1780584782.999975,11
56510,1274801,1780584784.643439,11
56511,1275796,1780584883.575357,11
56512,1276093,1780584883.9790862,11
56513,1277054,1780584884.9861972,10
56514,1278049,1780584886.75943,11
56515,1278303,1780584887.219427,10
56516,1279264,1780584888.7137668,10
56517,1280259,1780584891.0340085,11
56518,1281187,1780584892.241869,9
56519,1282115,1780584893.9523134,9
56520,1282423,1780584894.2889287,9
56521,1283384,1780584896.0013018,10
56522,1284345,1780584897.3384948,10
56523,1284612,1780584898.1648426,10
56524,1285607,1780584899.7457736,11
56525,1286602,1780584901.2461195,11
56526,1287563,1780584903.1422393,10
56527,1288558,1780585024.8807917,11
56528,1289486,1780585026.1301498,9
56529,1290481,1780585027.259971,11
56530,1291409,1780585028.497101,9
56531,1291667,1780585028.78863,9
56532,1292595,1780585030.1027164,9
56533,1292773,1780585030.5868003,9
56534,1293032,1780585030.9322622,10
56535,1293993,1780585032.5533304,10
56536,1294180,1780585032.7765617,10
56537,1295108,1780585034.4031713,9
56538,1295379,1780585034.7433474,9
56539,1296307,1780585036.5958798,9
56540,1297302,1780585038.327063,11
56541,1298297,1780585040.3747954,11
56542,1299258,1780585042.2192948,10
56543,1300253,1780585157.017195,11
56544,1301181,1780585158.0106397,9
56545,1301348,1780585158.1682837,9
56546,1302309,1780585159.2685404,10
56547,1302629,1780585159.6247728,9
56548,1303624,1780585161.0166068,11
56549,1304619,1780585162.6334832,11
56550,1304821,1780585163.1967552,10
56551,1305782,1780585163.706999,10
56552,1306777,1780585165.4047482,11
56553,1307738,1780585167.0233767,10
56554,1308699,1780585168.6062877,10
56555,1308996,1780585169.4344318,11
56556,1309991,1780585170.6429203,11
56557,1310919,1780585171.9441252,9
56558,1311194,1780585172.2515707,10
56559,1311382,1780585266.4166732,11
56560,1311692,1780585266.8042188,11
56561,1311942,1780585267.0863118,11
56562,1312220,1780585267.4154475,9
56563,1313181,1780585268.457758,10
56564,1313393,1780585268.8263354,10
56565,1314388,1780585270.4516444,11
56566,1314576,1780585270.6784897,11
56567,1314815,1780585271.1350741,10
56568,1315810,1780585271.9584773,11
56569,1316805,1780585273.4065342,11
56570,1317766,1780585274.405375,10
56571,1317924,1780585274.5576046,10
56572,1318919,1780585276.195566,11
56573,1319880,1780585277.5709634,10
56574,1320808,1780585278.9528918,9
56575,1321067,1780585350.2988486,10
56576,1322028,1780585351.4412637,10
56577,1322956,1780585352.3887348,9
56578,1323917,1780585353.8329182,10
56579,1324845,1780585354.8696792,9
56580,1325806,1780585355.8771832,10
56581,1326767,1780585357.3143864,10
56582,1327762,1780585358.5817838,11
56583,1328045,1780585358.8577023,10
56584,1328307,1780585359.4717968,10
56585,1328541,1780585359.7383707,9
56586,1328854,1780585360.1356022,11
56587,1329815,1780585361.7289343,10
56588,1330810,1780585363.6386385,11
56589,1331805,1780585365.6880476,11
56590,1332164,1780585366.067563,11
56591,1333125,1780585459.4806697,10
56592,1333426,1780585459.9057424,10
56593,1334387,1780585461.1921566,10
56594,1335382,1780585463.2201233,11
56595,1335673,1780585463.5984268,11
56596,1336634,1780585465.2623272,10
56597,1337562,1780585466.6316955,9
56598,1338523,1780585467.3776994,10
56599,1339518,1780585469.6829202,11
56600,1339720,1780585469.891596,9
